,action
0,8
1,4
2,8
3,8
4,4
5,4
6,8
7,4
8,4
9,4
10,4
11,4
12,3
13,3
14,4
15,7
16,4
17,4
18,0
19,8
20,2
21,8
22,8
23,8
24,8
25,8
26,8
27,8
28,8
29,8
30,0
31,0
32,4
33,0
34,8
35,8
36,8
37,8
38,0
39,0
40,0
41,0
42,8
43,8
44,8
45,6
46,6
47,1
48,2
49,2
50,7
51,8
52,7
53,7
54,7
55,2
56,7
57,1
58,1
59,1
60,1
61,1
62,8
63,8
64,1
65,1
66,2
67,8
68,8
69,3
70,3
71,8
72,6
73,8
74,3
75,1
76,2
77,2
78,2
79,2
80,1
81,1
82,2
83,8
84,1
85,8
86,8
87,3
88,0
89,8
90,0
91,8
92,0
93,8
94,2
95,0
96,0
97,8
98,6
99,1
100,1
101,1
102,8
103,7
104,2
105,2
106,2
107,2
108,2
109,2
110,7
111,2
112,2
113,7
114,7
115,7
116,7
117,2
118,2
119,2
120,2
121,2
122,2
123,2
124,2
125,2
126,2
127,2
128,2
129,2
130,2
131,4
132,4
133,4
134,4
135,4
136,4
137,4
138,7
139,2
140,2
141,7
142,7
143,2
144,2
145,2
146,2
147,2
148,2
149,2
150,2
151,4
152,4
153,4
154,7
155,7
156,7
157,7
158,7
159,7
160,7
161,7
162,7
163,7
164,7
165,7
166,7
167,7
168,7
169,4
170,4
171,4
172,4
173,4
174,4
175,4
176,7
177,4
178,6
179,6
180,8
181,6
182,4
183,4
184,4
185,4
186,6
187,0
188,7
189,7
190,7
191,0
192,6
193,6
194,8
195,0
196,0
197,0
198,4
199,3
200,4
201,2
202,0
203,0
204,4
205,2
206,5
207,2
208,2
209,2
210,2
211,2
212,2
213,2
214,2
215,2
216,2
217,2
218,2
219,2
220,2
221,2
222,2
223,5
224,5
225,0
226,3
227,3
228,3
229,6
230,6
231,6
232,6
233,6
234,6
235,6
236,6
237,6
238,1
239,1
240,0
241,6
242,6
243,1
244,6
245,1
246,1
247,1
248,1
249,7
250,1
251,1
252,1
253,1
254,6
255,6
256,6
257,6
258,6
259,0
260,7
261,0
262,7
263,0
264,7
265,5
266,5
267,5
268,5
269,5
270,5
271,5
272,5
273,5
274,5
275,5
276,5
277,6
278,0
279,0
280,6
281,0
282,4
283,0
284,4
285,4
286,4
287,4
288,8
289,4
290,4
291,4
292,4
293,0
294,0
295,0
296,4
297,0
298,8
299,8
300,8
301,8
302,8
303,8
304,8
305,8
306,8
307,0
308,1
309,0
310,8
311,8
312,8
313,8
314,8
315,8
316,8
317,8
318,3
319,3
320,3
321,3
322,0
323,0
324,3
325,3
326,8
327,3
328,8
329,3
330,6
331,3
332,3
333,3
334,3
335,3
336,3
337,3
338,0
339,3
340,3
341,3
342,3
343,3
344,3
345,3
346,3
347,8
348,3
349,3
350,3
351,3
352,8
353,8
354,0
355,7
356,7
357,0
358,0
359,3
360,3
361,0
362,7
363,7
364,0
365,0
366,0
367,0
368,0
369,8
370,0
371,0
372,0
373,0
374,0
375,2
376,2
377,2
378,0
379,0
380,0
381,8
382,6
383,7
384,2
385,7
386,0
387,8
388,8
389,7
390,2
391,0
392,8
393,8
394,7
395,4
396,0
397,7
398,7
399,3
400,7
401,3
402,3
403,7
404,3
405,7
406,3
407,3
408,3
409,2
410,2
411,2
412,2
413,7
414,0
415,0
416,7
417,0
418,7
419,0
420,0
421,2
422,3
423,0
424,3
425,3
426,0
427,0
428,0
429,0
430,0
431,0
432,3
433,3
434,3
435,3
436,3
437,0
438,0
439,0
440,2
441,0
442,3
443,3
444,3
445,3
446,3
447,3
448,3
449,3
450,3
451,3
452,3
453,3
454,3
455,1
456,3
457,6
458,6
459,1
460,1
461,1
462,8
463,8
464,8
465,8
466,8
467,8
468,0
469,0
470,8
471,3
472,3
473,0
474,0
475,0
476,7
477,2
478,2
479,2
480,2
481,2
482,2
483,2
484,2
485,2
486,2
487,0
488,8
489,8
490,8
491,7
492,7
493,2
494,2
495,2
496,2
497,2
498,2
499,2
500,2
501,2
502,0
503,7
504,0
505,0
506,8
507,8
508,8
509,8
510,7
511,7
512,7
513,0
514,3
515,3
516,3
517,4
518,8
519,8
520,8
521,8
522,0
523,4
524,5
525,7
526,7
527,3
528,3
529,7
530,0
531,4
532,0
533,0
534,2
535,2
536,1
537,7
538,0
539,1
540,7
541,2
542,2
543,2
544,0
545,0
546,0
547,0
548,4
549,4
550,0
551,0
552,3
553,0
554,0
555,4
556,4
557,4
558,4
559,4
560,2
561,4
562,4
563,4
564,2
565,7
566,1
567,3
568,4
569,4
570,4
571,2
572,4
573,4
574,2
575,6
576,8
577,4
578,4
579,1
580,3
581,3
582,3
583,6
584,6
585,3
586,0
587,0
588,0
589,3
590,6
591,0
592,0
593,0
594,0
595,0
596,3
597,8
598,3
599,8
600,8
601,8
602,7
603,3
604,4
605,7
606,7
607,6
608,4
609,8
610,3
611,8
612,3
613,3
614,3
615,7
616,4
617,0
618,3
619,3
620,3
621,4
622,3
623,3
624,3
625,3
626,3
627,3
628,0
629,3
630,3
631,3
632,3
633,3
634,7
635,3
636,7
637,7
638,6
639,7
640,7
641,7
642,6
643,3
644,7
645,7
646,4
647,4
648,4
649,0
650,0
651,4
652,8
653,8
654,4
655,8
656,4
657,0
658,7
659,0
660,0
661,0
662,8
663,7
664,4
665,4
666,0
667,4
668,8
669,4
670,3
671,3
672,3
673,3
674,0
675,7
676,3
677,3
678,3
679,3
680,3
681,3
682,3
683,3
684,4
685,3
686,3
687,8
688,3
689,6
690,3
691,3
692,3
693,3
694,8
695,8
696,8
697,7
698,7
699,7
700,7
701,7
702,7
703,2
704,7
705,0
706,2
707,0
708,3
709,0
710,0
711,3
712,0
713,3
714,3
715,3
716,3
717,7
718,0
719,3
720,3
721,7
722,0
723,3
724,3
725,3
726,3
727,3
728,3
729,3
730,3
731,3
732,3
733,3
734,3
735,3
736,3
737,7
738,2
739,7
740,3
741,7
742,3
743,7
744,7
745,8
746,7
747,3
748,3
749,3
750,3
751,3
752,3
753,3
754,4
755,4
756,7
757,7
758,4
759,4
760,4
761,7
762,7
763,7
764,0
765,8
766,8
767,7
768,7
769,7
770,7
771,7
772,7
773,7
774,7
775,7
776,7
777,7
778,7
779,7
780,7
781,7
782,7
783,7
784,7
785,7
786,7
787,7
788,7
789,7
790,7
791,7
792,7
793,7
794,6
795,6
796,6
797,6
798,6
799,6
800,6
801,6
802,0
803,3
804,0
805,3
806,3
807,0
808,8
809,8
810,7
811,7
812,7
813,7
814,7
815,7
816,0
817,8
818,7
819,7
820,7
821,7
822,7
823,7
824,7
825,7
826,7
827,1
828,1
829,5
830,5
831,5
832,5
833,5
834,5
835,5
836,8
837,8
838,5
839,5
840,8
841,8
842,7
843,8
844,7
845,7
846,5
847,7
848,7
849,5
850,7
851,7
852,7
853,7
854,7
855,7
856,7
857,7
858,7
859,7
860,7
861,8
862,7
863,7
864,8
865,8
866,8
867,7
868,8
869,8
870,8
871,8
872,4
873,4
874,7
875,7
876,7
877,7
878,5
879,5
880,5
881,5
882,5
883,5
884,3
885,5
886,2
887,7
888,4
889,4
890,7
891,4
892,4
893,4
894,4
895,4
896,4
897,5
898,4
899,4
900,4
901,0
902,3
903,8
904,8
905,7
906,7
907,7
908,1
909,1
910,3
911,3
912,3
913,3
914,4
915,0
916,3
917,3
918,3
919,3
920,3
921,3
922,3
923,3
924,7
925,7
926,7
927,7
928,7
929,7
930,7
931,7
932,7
933,7
934,7
935,4
936,4
937,7
938,7
939,4
940,4
941,4
942,4
943,4
944,4
945,7
946,7
947,4
948,4
949,4
950,7
951,4
952,4
953,7
954,7
955,4
956,4
957,4
958,4
959,4
960,4
961,7
962,7
963,4
964,4
965,7
966,7
967,0
968,0
969,7
970,0
971,8
972,7
973,8
974,0
975,0
976,4
977,7
978,8
979,8
980,7
981,7
982,4
983,0
984,7
985,7
986,0
987,0
988,7
989,8
990,8
991,8
992,4
993,3
994,3
995,3
996,3
997,7
998,0
999,7
1000,7
1001,7
1002,7
1003,7
1004,7
1005,1
1006,2
1007,2
1008,2
1009,2
1010,5
1011,5
1012,1
1013,5
1014,7
1015,7
1016,7
1017,7
1018,8
1019,8
1020,8
1021,8
1022,7
1023,8
1024,0
1025,7
1026,7
1027,7
1028,6
1029,0
1030,0
1031,0
1032,8
1033,1
1034,1
1035,1
1036,3
1037,3
1038,3
1039,3
1040,3
1041,7
1042,7
1043,7
1044,7
1045,7
1046,1
1047,7
1048,7
1049,3
1050,3
1051,3
1052,3
1053,3
1054,3
1055,3
1056,4
1057,6
1058,3
1059,3
1060,3
1061,3
1062,5
1063,3
1064,3
1065,5
1066,5
1067,5
1068,4
1069,4
1070,4
1071,7
1072,2
1073,7
1074,2
1075,7
1076,2
1077,2
1078,7
1079,5
1080,7
1081,7
1082,7
1083,4
1084,4
1085,7
1086,3
1087,5
1088,7
1089,1
1090,0
1091,0
1092,0
1093,0
1094,0
1095,0
1096,0
1097,0
1098,0
1099,0
1100,0
1101,0
1102,0
1103,3
1104,8
1105,6
1106,6
1107,3
1108,3
1109,3
1110,0
1111,0
1112,0
1113,6
1114,0
1115,1
1116,3
1117,6
1118,0
1119,8
1120,3
1121,3
1122,8
1123,6
1124,6
1125,6
1126,6
1127,3
1128,6
1129,6
1130,6
1131,6
1132,6
1133,6
1134,1
1135,2
1136,1
1137,2
1138,0
1139,0
1140,0
1141,6
1142,6
1143,0
1144,0
1145,0
1146,0
1147,0
1148,0
1149,6
1150,0
1151,7
1152,4
1153,7
1154,2
1155,2
1156,1
1157,1
1158,6
1159,6
1160,6
1161,6
1162,4
1163,4
1164,4
1165,4
1166,6
1167,4
1168,4
1169,6
1170,1
1171,1
1172,1
1173,1
1174,1
1175,1
1176,1
1177,1
1178,1
1179,1
1180,7
1181,6
1182,6
1183,0
1184,8
1185,8
1186,8
1187,4
1188,4
1189,4
1190,4
1191,4
1192,4
1193,4
1194,4
1195,3
1196,4
1197,7
1198,7
1199,4
1200,7
1201,7
1202,0
1203,8
1204,8
1205,8
1206,8
1207,8
1208,8
1209,8
1210,0
1211,8
1212,0
1213,8
1214,0
1215,0
1216,4
1217,8
1218,8
1219,8
1220,0
1221,0
1222,0
1223,0
1224,8
1225,8
1226,8
1227,8
1228,6
1229,6
1230,0
1231,2
1232,1
1233,1
1234,8
1235,7
1236,7
1237,7
1238,1
1239,1
1240,1
1241,1
1242,1
1243,1
1244,1
1245,8
1246,1
1247,2
1248,2
1249,2
1250,1
1251,3
1252,6
1253,1
1254,6
1255,6
1256,3
1257,1
1258,1
1259,2
1260,2
1261,2
1262,2
1263,2
1264,2
1265,8
1266,1
1267,1
1268,8
1269,1
1270,8
1271,8
1272,8
1273,0
1274,0
1275,8
1276,8
1277,0
1278,0
1279,1
1280,0
1281,1
1282,8
1283,8
1284,2
1285,2
1286,2
1287,2
1288,2
1289,2
1290,2
1291,2
1292,7
1293,7
1294,2
1295,7
1296,7
1297,2
1298,2
1299,2
1300,2
1301,2
1302,2
1303,2
1304,2
1305,2
1306,2
1307,2
1308,2
1309,2
1310,2
1311,4
1312,4
1313,7
1314,4
1315,4
1316,7
1317,4
1318,4
1319,2
1320,4
1321,2
1322,7
1323,7
1324,7
1325,7
1326,7
1327,2
1328,7
1329,2
1330,2
1331,7
1332,7
1333,7
1334,7
1335,7
1336,7
1337,7
1338,7
1339,7
1340,7
1341,7
1342,7
1343,7
1344,7
1345,7
1346,7
1347,7
1348,7
1349,4
1350,4
1351,4
1352,4
1353,4
1354,4
1355,4
1356,4
1357,4
1358,4
1359,6
1360,6
1361,6
1362,6
1363,6
1364,6
1365,4
1366,4
1367,6
1368,6
1369,7
1370,7
1371,7
1372,7
1373,3
1374,6
1375,6
1376,0
1377,0
1378,2
1379,0
1380,0
1381,4
1382,7
1383,2
1384,4
1385,7
1386,2
1387,7
1388,7
1389,7
1390,7
1391,0
1392,7
1393,0
1394,0
1395,0
1396,0
1397,5
1398,2
1399,2
1400,2
1401,2
1402,2
1403,2
1404,1
1405,1
1406,1
1407,3
1408,6
1409,6
1410,6
1411,0
1412,0
1413,6
1414,6
1415,6
1416,6
1417,6
1418,6
1419,6
1420,6
1421,6
1422,1
1423,6
1424,8
1425,1
1426,6
1427,1
1428,1
1429,1
1430,1
1431,1
1432,1
1433,1
1434,1
1435,1
1436,1
1437,1
1438,1
1439,1
1440,1
1441,5
1442,5
1443,5
1444,5
1445,5
1446,5
1447,5
1448,5
1449,5
1450,5
1451,5
1452,5
1453,5
1454,6
1455,1
1456,6
1457,8
1458,8
1459,6
1460,8
1461,8
1462,8
1463,8
1464,4
1465,4
1466,4
1467,4
1468,4
1469,0
1470,0
1471,0
1472,8
1473,8
1474,8
1475,8
1476,8
1477,8
1478,4
1479,4
1480,4
1481,4
1482,4
1483,4
1484,8
1485,4
1486,2
1487,7
1488,8
1489,8
1490,8
1491,0
1492,0
1493,0
1494,0
1495,8
1496,8
1497,8
1498,8
1499,8
1500,8
1501,8
1502,8
1503,8
1504,8
1505,0
1506,8
1507,8
1508,8
1509,8
1510,8
1511,8
1512,0
1513,0
1514,0
1515,0
1516,0
1517,0
1518,0
1519,0
1520,0
1521,0
1522,0
1523,0
1524,0
1525,0
1526,0
1527,0
1528,0
1529,3
1530,0
1531,3
1532,3
1533,3
1534,3
1535,3
1536,3
1537,3
1538,8
1539,3
1540,6
1541,3
1542,3
1543,3
1544,3
1545,3
1546,3
1547,3
1548,3
1549,3
1550,3
1551,3
1552,0
1553,3
1554,2
1555,2
1556,3
1557,3
1558,3
1559,3
1560,3
1561,2
1562,3
1563,2
1564,2
1565,2
1566,3
1567,3
1568,2
1569,7
1570,8
1571,8
1572,3
1573,3
1574,3
1575,3
1576,6
1577,8
1578,3
1579,0
1580,0
1581,0
1582,0
1583,0
1584,0
1585,0
1586,0
1587,8
1588,8
1589,8
1590,8
1591,8
1592,8
1593,1
1594,8
1595,8
1596,1
1597,5
1598,7
1599,7
1600,8
1601,8
1602,8
1603,8
1604,8
1605,1
1606,7
1607,7
1608,7
1609,7
1610,8
1611,8
1612,8
1613,3
1614,3
1615,3
1616,3
1617,3
1618,3
1619,3
1620,3
1621,0
1622,0
1623,0
1624,3
1625,7
1626,7
1627,7
1628,8
1629,3
1630,7
1631,8
1632,8
1633,8
1634,3
1635,8
1636,8
1637,8
1638,6
1639,6
1640,6
1641,8
1642,8
1643,8
1644,8
1645,8
1646,3
1647,3
1648,3
1649,3
1650,6
1651,6
1652,1
1653,3
1654,6
1655,6
1656,1
1657,6
1658,8
1659,8
1660,8
1661,8
1662,8
1663,3
1664,3
1665,8
1666,3
1667,3
1668,3
1669,6
1670,6
1671,3
1672,8
1673,8
1674,8
1675,8
1676,3
1677,8
1678,3
1679,8
1680,8
1681,8
1682,8
1683,8
1684,8
1685,8
1686,8
1687,8
1688,8
1689,8
1690,8
1691,6
1692,8
1693,8
1694,8
1695,8
1696,8
1697,8
1698,8
1699,1
1700,1
1701,8
1702,3
1703,8
1704,3
1705,3
1706,3
1707,6
1708,8
1709,7
1710,8
1711,8
1712,8
1713,8
1714,8
1715,8
1716,8
1717,8
1718,7
1719,3
1720,1
1721,5
1722,1
1723,1
1724,1
1725,8
1726,8
1727,6
1728,8
1729,6
1730,8
1731,6
1732,6
1733,6
1734,6
1735,6
1736,6
1737,1
1738,3
1739,3
1740,8
1741,8
1742,8
1743,1
1744,1
1745,1
1746,7
1747,1
1748,8
1749,8
1750,8
1751,8
1752,4
1753,8
1754,8
1755,6
1756,3
1757,8
1758,8
1759,6
1760,7
1761,3
1762,7
1763,8
1764,8
1765,1
1766,1
1767,7
1768,8
1769,8
1770,8
1771,7
1772,7
1773,8
1774,7
1775,8
1776,8
1777,8
1778,8
1779,3
1780,8
1781,8
1782,8
1783,8
1784,8
1785,8
1786,8
1787,8
1788,8
1789,8
1790,8
1791,8
1792,8
1793,8
1794,8
1795,3
1796,3
1797,3
1798,6
1799,3
1800,3
1801,0
1802,7
1803,2
1804,7
1805,7
1806,7
1807,7
1808,7
1809,7
1810,7
1811,7
1812,7
1813,7
1814,7
1815,7
1816,7
1817,7
1818,7
1819,7
1820,4
1821,8
1822,7
1823,7
1824,7
1825,4
1826,0
1827,0
1828,0
1829,0
1830,0
1831,7
1832,7
1833,7
1834,7
1835,7
1836,2
1837,7
1838,7
1839,7
1840,7
1841,7
1842,7
1843,7
1844,7
1845,3
1846,3
1847,3
1848,3
1849,3
1850,3
1851,3
1852,3
1853,3
1854,3
1855,7
1856,7
1857,3
1858,3
1859,3
1860,7
1861,7
1862,1
1863,1
1864,1
1865,1
1866,1
1867,0
1868,0
1869,7
1870,0
1871,3
1872,3
1873,3
1874,3
1875,3
1876,8
1877,8
1878,3
1879,3
1880,3
1881,8
1882,7
1883,7
1884,6
1885,8
1886,8
1887,8
1888,8
1889,6
1890,6
1891,6
1892,6
1893,6
1894,6
1895,6
1896,6
1897,6
1898,6
1899,6
1900,6
1901,6
1902,1
1903,4
1904,4
1905,4
1906,4
1907,4
1908,4
1909,4
1910,4
1911,4
1912,8
1913,8
1914,8
1915,8
1916,8
1917,8
1918,8
1919,8
1920,8
1921,8
1922,8
1923,8
1924,7
1925,8
1926,8
1927,8
1928,8
1929,8
1930,8
1931,8
1932,8
1933,8
1934,8
1935,8
1936,8
1937,8
1938,8
1939,8
1940,7
1941,8
1942,8
1943,6
1944,6
1945,6
1946,8
1947,8
1948,6
1949,6
1950,8
1951,8
1952,4
1953,4
1954,4
1955,4
1956,8
1957,8
1958,8
1959,0
1960,4
1961,7
1962,7
1963,7
1964,7
1965,7
1966,8
1967,7
1968,8
1969,8
1970,8
1971,1
1972,7
1973,7
1974,7
1975,7
1976,0
1977,0
1978,1
1979,7
1980,7
1981,7
1982,1
1983,0
1984,8
1985,8
1986,1
1987,2
1988,7
1989,7
1990,7
1991,1
1992,7
1993,8
1994,8
1995,8
1996,0
1997,0
1998,0
1999,0
2000,0
2001,0
2002,0
2003,0
2004,0
2005,0
2006,0
2007,0
2008,1
2009,1
2010,7
2011,1
2012,1
2013,1
2014,1
2015,1
2016,1
2017,7
2018,1
2019,2
2020,2
2021,2
2022,5
2023,5
2024,5
2025,5
2026,1
2027,1
2028,5
2029,5
2030,4
2031,4
2032,4
2033,4
2034,4
2035,4
2036,4
2037,4
2038,4
2039,4
2040,0
2041,8
2042,8
2043,8
2044,4
2045,8
2046,4
2047,8
2048,4
2049,4
2050,4
2051,8
2052,4
2053,4
2054,8
2055,4
2056,4
2057,4
2058,8
2059,8
2060,4
2061,8
2062,4
2063,8
2064,4
2065,4
2066,4
2067,8
2068,4
2069,4
2070,8
2071,6
2072,6
2073,6
2074,8
2075,8
2076,8
2077,8
2078,8
2079,8
2080,8
2081,8
2082,8
2083,8
2084,7
2085,8
2086,8
2087,7
2088,7
2089,7
2090,7
2091,7
2092,7
2093,7
2094,0
2095,5
2096,0
2097,8
2098,8
2099,1
2100,7
2101,1
2102,1
2103,0
2104,0
2105,3
2106,3
2107,5
2108,1
2109,0
2110,7
2111,7
2112,0
2113,7
2114,7
2115,7
2116,2
2117,7
2118,7
2119,7
2120,7
2121,5
2122,0
2123,0
2124,0
2125,0
2126,0
2127,0
2128,5
2129,5
2130,0
2131,0
2132,0
2133,0
2134,0
2135,1
2136,1
2137,1
2138,1
2139,1
2140,1
2141,5
2142,5
2143,5
2144,7
2145,7
2146,7
2147,7
2148,2
2149,2
2150,5
2151,5
2152,5
2153,5
2154,5
2155,3
2156,3
2157,3
2158,3
2159,3
2160,3
2161,3
2162,3
2163,3
2164,5
2165,3
2166,3
2167,3
2168,3
2169,3
2170,7
2171,0
2172,0
2173,3
2174,3
2175,7
2176,0
2177,8
2178,8
2179,8
2180,0
2181,3
2182,5
2183,3
2184,3
2185,3
2186,3
2187,3
2188,4
2189,3
2190,3
2191,3
2192,3
2193,3
2194,3
2195,3
2196,3
2197,7
2198,7
2199,3
2200,3
2201,3
2202,3
2203,1
2204,1
2205,1
2206,1
2207,1
2208,1
2209,1
2210,1
2211,1
2212,1
2213,1
2214,4
2215,4
2216,4
2217,4
2218,4
2219,4
2220,4
2221,4
2222,4
2223,4
2224,0
2225,6
2226,8
2227,8
2228,4
2229,4
2230,4
2231,4
2232,4
2233,4
2234,4
2235,4
2236,4
2237,4
2238,3
2239,4
2240,7
2241,4
2242,7
2243,8
2244,8
2245,8
2246,8
2247,8
2248,8
2249,8
2250,8
2251,8
2252,8
2253,0
2254,8
2255,0
2256,4
2257,0
2258,4
2259,8
2260,8
2261,8
2262,0
2263,0
2264,0
2265,0
2266,8
2267,8
2268,8
2269,6
2270,1
2271,1
2272,1
2273,2
2274,2
2275,1
2276,5
2277,7
2278,7
2279,7
2280,7
2281,1
2282,1
2283,1
2284,1
2285,1
2286,1
2287,8
2288,1
2289,1
2290,2
2291,8
2292,8
2293,8
2294,3
2295,1
2296,8
2297,6
2298,3
2299,1
2300,1
2301,1
2302,2
2303,1
2304,2
2305,2
2306,1
2307,8
2308,8
2309,1
2310,8
2311,2
2312,6
2313,0
2314,8
2315,1
2316,6
2317,8
2318,2
2319,6
2320,6
2321,1
2322,1
2323,1
2324,2
2325,2
2326,2
2327,2
2328,2
2329,2
2330,2
2331,7
2332,7
2333,2
2334,2
2335,7
2336,7
2337,7
2338,7
2339,7
2340,7
2341,2
2342,2
2343,7
2344,4
2345,7
2346,7
2347,4
2348,4
2349,4
2350,4
2351,4
2352,4
2353,4
2354,4
2355,4
2356,4
2357,4
2358,2
2359,2
2360,2
2361,2
2362,2
2363,2
2364,2
2365,2
2366,2
2367,2
2368,2
2369,2
2370,2
2371,2
2372,2
2373,2
2374,2
2375,2
2376,2
2377,2
2378,2
2379,4
2380,2
2381,4
2382,4
2383,4
2384,4
2385,4
2386,4
2387,4
2388,4
2389,8
2390,8
2391,8
2392,8
2393,8
2394,8
2395,8
2396,8
2397,8
2398,8
2399,8
2400,8
2401,4
2402,4
2403,4
2404,4
2405,4
2406,4
2407,4
2408,2
2409,2
2410,2
2411,2
2412,2
2413,2
2414,2
2415,2
2416,2
2417,2
2418,2
2419,4
2420,0
2421,0
2422,0
2423,3
2424,3
2425,8
2426,8
2427,0
2428,6
2429,3
2430,4
2431,3
2432,4
2433,5
2434,5
2435,5
2436,5
2437,5
2438,5
2439,5
2440,5
2441,5
2442,5
2443,5
2444,5
2445,5
2446,5
2447,5
2448,5
2449,6
2450,2
2451,2
2452,2
2453,1
2454,5
2455,5
2456,1
2457,5
2458,5
2459,1
2460,5
2461,4
2462,4
2463,4
2464,4
2465,4
2466,4
2467,4
2468,4
2469,4
2470,4
2471,2
2472,4
2473,2
2474,2
2475,2
2476,2
2477,2
2478,2
2479,2
2480,2
2481,2
2482,2
2483,2
2484,2
2485,2
2486,2
2487,2
2488,2
2489,2
2490,2
2491,2
2492,2
2493,2
2494,2
2495,2
2496,2
2497,2
2498,2
2499,2
2500,2
2501,4
2502,4
2503,4
2504,4
2505,2
2506,4
2507,6
2508,0
2509,0
2510,2
2511,2
2512,2
2513,2
2514,4
2515,2
2516,4
2517,2
2518,4
2519,1
2520,2
2521,8
2522,4
2523,8
2524,8
2525,8
2526,8
2527,8
2528,8
2529,4
2530,8
2531,8
2532,2
2533,2
2534,0
2535,2
2536,2
2537,2
2538,2
2539,5
2540,5
2541,7
2542,7
2543,7
2544,7
2545,7
2546,7
2547,0
2548,0
2549,0
2550,5
2551,5
2552,4
2553,1
2554,1
2555,5
2556,4
2557,5
2558,4
2559,4
2560,4
2561,4
2562,4
2563,4
2564,4
2565,4
2566,4
2567,4
2568,4
2569,4
2570,4
2571,4
2572,4
2573,4
2574,4
2575,4
2576,4
2577,0
2578,6
2579,6
2580,3
2581,3
2582,3
2583,3
2584,3
2585,3
2586,3
2587,3
2588,3
2589,3
2590,3
2591,3
2592,3
2593,3
2594,3
2595,3
2596,3
2597,3
2598,3
2599,3
2600,3
2601,3
2602,3
2603,3
2604,3
2605,3
2606,3
2607,6
2608,4
2609,6
2610,6
2611,6
2612,6
2613,1
2614,2
2615,2
2616,2
2617,2
2618,2
2619,2
2620,1
2621,8
2622,2
2623,2
2624,2
2625,1
2626,2
2627,2
2628,2
2629,2
2630,2
2631,4
2632,4
2633,4
2634,4
2635,4
2636,4
2637,4
2638,4
2639,4
2640,4
2641,4
2642,4
2643,4
2644,4
2645,4
2646,4
2647,4
2648,4
2649,6
2650,6
2651,4
2652,4
2653,4
2654,4
2655,4
2656,4
2657,3
2658,3
2659,0
2660,4
2661,7
2662,7
2663,7
2664,7
2665,8
2666,2
2667,8
2668,8
2669,8
2670,8
2671,8
2672,8
2673,8
2674,0
2675,8
2676,8
2677,0
2678,8
2679,0
2680,4
2681,8
2682,8
2683,0
2684,0
2685,0
2686,0
2687,8
2688,8
2689,8
2690,8
2691,6
2692,6
2693,1
2694,2
2695,5
2696,2
2697,1
2698,7
2699,8
2700,7
2701,7
2702,7
2703,1
2704,1
2705,1
2706,1
2707,1
2708,8
2709,1
2710,1
2711,1
2712,2
2713,8
2714,8
2715,3
2716,3
2717,2
2718,6
2719,3
2720,3
2721,1
2722,1
2723,2
2724,2
2725,1
2726,2
2727,1
2728,8
2729,8
2730,1
2731,1
2732,8
2733,8
2734,6
2735,0
2736,8
2737,0
2738,0
2739,8
2740,1
2741,1
2742,1
2743,8
2744,8
2745,2
2746,2
2747,2
2748,2
2749,2
2750,2
2751,2
2752,7
2753,7
2754,2
2755,7
2756,7
2757,7
2758,7
2759,7
2760,7
2761,7
2762,2
2763,2
2764,7
2765,4
2766,7
2767,7
2768,4
2769,4
2770,4
2771,4
2772,4
2773,4
2774,4
2775,4
2776,4
2777,4
2778,4
2779,2
2780,2
2781,2
2782,2
2783,2
2784,2
2785,2
2786,2
2787,2
2788,2
2789,2
2790,2
2791,2
2792,2
2793,4
2794,4
2795,4
2796,4
2797,4
2798,4
2799,4
2800,4
2801,4
2802,4
2803,8
2804,8
2805,8
2806,6
2807,8
2808,8
2809,4
2810,8
2811,8
2812,8
2813,8
2814,8
2815,4
2816,4
2817,4
2818,4
2819,4
2820,4
2821,4
2822,4
2823,2
2824,4
2825,4
2826,4
2827,4
2828,4
2829,2
2830,2
2831,2
2832,2
2833,2
2834,2
2835,2
2836,2
2837,2
2838,2
2839,2
2840,2
2841,2
2842,2
2843,2
2844,0
2845,0
2846,0
2847,0
2848,1
2849,1
2850,1
2851,1
2852,1
2853,1
2854,1
2855,1
2856,1
2857,1
2858,1
2859,1
2860,1
2861,1
2862,1
2863,1
2864,1
2865,8
2866,8
2867,8
2868,8
2869,8
2870,8
2871,0
2872,7
2873,7
2874,6
2875,6
2876,6
2877,6
2878,6
2879,6
2880,6
2881,6
2882,6
2883,6
2884,6
2885,1
2886,1
2887,1
2888,1
2889,1
2890,1
2891,1
2892,1
2893,1
2894,1
2895,1
2896,1
2897,1
2898,6
2899,6
2900,1
2901,5
2902,5
2903,5
2904,5
2905,0
2906,0
2907,0
2908,0
2909,5
2910,5
2911,5
2912,5
2913,5
2914,1
2915,5
2916,7
2917,7
2918,7
2919,7
2920,0
2921,0
2922,7
2923,7
2924,5
2925,0
2926,5
2927,0
2928,5
2929,0
2930,0
2931,0
2932,0
2933,5
2934,5
2935,5
2936,0
2937,0
2938,0
2939,0
2940,0
2941,0
2942,0
2943,0
2944,0
2945,0
2946,0
2947,0
2948,0
2949,0
2950,0
2951,0
2952,0
2953,0
2954,7
2955,7
2956,0
2957,0
2958,0
2959,0
2960,0
2961,0
2962,0
2963,0
2964,0
2965,0
2966,0
2967,5
2968,0
2969,0
2970,0
2971,0
2972,0
2973,0
2974,0
2975,0
2976,0
2977,5
2978,0
2979,0
2980,0
2981,0
2982,0
2983,0
2984,0
2985,0
2986,0
2987,0
2988,0
2989,0
2990,7
2991,5
2992,5
2993,7
2994,7
2995,7
2996,7
2997,7
2998,7
2999,7
3000,5
3001,0
3002,0
3003,0
3004,0
3005,0
3006,5
3007,5
3008,5
3009,5
3010,5
3011,0
3012,5
3013,5
3014,4
3015,4
3016,4
3017,4
3018,4
3019,4
3020,4
3021,4
3022,4
3023,4
3024,4
3025,0
3026,6
3027,6
3028,1
3029,6
3030,1
3031,1
3032,1
3033,1
3034,1
3035,7
3036,1
3037,1
3038,7
3039,1
3040,1
3041,7
3042,7
3043,7
3044,1
3045,6
3046,1
3047,1
3048,1
3049,1
3050,1
3051,7
3052,1
3053,1
3054,6
3055,6
3056,6
3057,6
3058,6
3059,6
3060,6
3061,8
3062,8
3063,8
3064,8
3065,0
3066,4
3067,0
3068,0
3069,0
3070,2
3071,2
3072,2
3073,2
3074,2
3075,2
3076,2
3077,2
3078,2
3079,0
3080,0
3081,0
3082,0
3083,2
3084,2
3085,2
3086,2
3087,2
3088,2
3089,2
3090,2
3091,2
3092,2
3093,7
3094,1
3095,7
3096,7
3097,5
3098,5
3099,5
3100,5
3101,5
3102,7
3103,5
3104,5
3105,5
3106,5
3107,5
3108,5
3109,0
3110,0
3111,5
3112,5
3113,5
3114,5
3115,5
3116,5
3117,5
3118,7
3119,6
3120,6
3121,0
3122,0
3123,6
3124,2
3125,6
3126,2
3127,2
3128,2
3129,2
3130,2
3131,5
3132,2
3133,2
3134,2
3135,8
3136,8
3137,7
3138,2
3139,5
3140,5
3141,5
3142,5
3143,0
3144,2
3145,0
3146,5
3147,5
3148,7
3149,5
3150,7
3151,7
3152,7
3153,7
3154,8
3155,7
3156,5
3157,5
3158,8
3159,7
3160,7
3161,7
3162,8
3163,7
3164,7
3165,7
3166,8
3167,7
3168,7
3169,0
3170,8
3171,7
3172,7
3173,1
3174,1
3175,7
3176,7
3177,7
3178,1
3179,7
3180,7
3181,1
3182,1
3183,7
3184,7
3185,7
3186,7
3187,7
3188,7
3189,1
3190,1
3191,7
3192,7
3193,7
3194,1
3195,7
3196,7
3197,1
3198,2
3199,0
3200,6
3201,6
3202,6
3203,6
3204,0
3205,8
3206,6
3207,0
3208,8
3209,8
3210,8
3211,0
3212,0
3213,8
3214,8
3215,8
3216,8
3217,8
3218,4
3219,8
3220,0
3221,0
3222,0
3223,0
3224,0
3225,0
3226,0
3227,2
3228,2
3229,2
3230,2
3231,1
3232,1
3233,2
3234,7
3235,4
3236,2
3237,2
3238,2
3239,1
3240,1
3241,2
3242,1
3243,2
3244,2
3245,7
3246,7
3247,7
3248,7
3249,7
3250,4
3251,7
3252,0
3253,0
3254,0
3255,1
3256,1
3257,1
3258,7
3259,1
3260,7
3261,2
3262,2
3263,2
3264,2
3265,1
3266,1
3267,1
3268,1
3269,1
3270,1
3271,1
3272,7
3273,7
3274,7
3275,1
3276,1
3277,8
3278,1
3279,1
3280,1
3281,1
3282,1
3283,1
3284,1
3285,1
3286,1
3287,1
3288,1
3289,1
3290,1
3291,2
3292,1
3293,1
3294,7
3295,7
3296,5
3297,5
3298,5
3299,5
3300,5
3301,5
3302,7
3303,7
3304,7
3305,4
3306,4
3307,3
3308,3
3309,6
3310,6
3311,6
3312,6
3313,6
3314,6
3315,0
3316,7
3317,7
3318,7
3319,7
3320,1
3321,1
3322,1
3323,7
3324,7
3325,7
3326,8
3327,6
3328,1
3329,7
3330,4
3331,6
3332,7
3333,7
3334,8
3335,7
3336,4
3337,8
3338,3
3339,6
3340,7
3341,7
3342,6
3343,7
3344,7
3345,7
3346,6
3347,7
3348,7
3349,0
3350,6
3351,8
3352,8
3353,8
3354,4
3355,4
3356,4
3357,4
3358,4
3359,4
3360,4
3361,4
3362,4
3363,7
3364,7
3365,4
3366,4
3367,7
3368,7
3369,8
3370,8
3371,8
3372,8
3373,8
3374,8
3375,0
3376,0
3377,0
3378,8
3379,8
3380,8
3381,8
3382,8
3383,8
3384,0
3385,0
3386,0
3387,0
3388,8
3389,8
3390,8
3391,8
3392,8
3393,0
3394,0
3395,6
3396,6
3397,0
3398,0
3399,0
3400,6
3401,8
3402,8
3403,8
3404,1
3405,1
3406,1
3407,5
3408,1
3409,1
3410,1
3411,1
3412,1
3413,1
3414,1
3415,1
3416,2
3417,2
3418,2
3419,8
3420,8
3421,8
3422,0
3423,0
3424,0
3425,0
3426,2
3427,2
3428,2
3429,2
3430,2
3431,2
3432,2
3433,0
3434,0
3435,0
3436,0
3437,0
3438,8
3439,0
3440,0
3441,0
3442,0
3443,0
3444,8
3445,0
3446,0
3447,2
3448,2
3449,8
3450,0
3451,2
3452,4
3453,4
3454,4
3455,4
3456,4
3457,4
3458,4
3459,4
3460,4
3461,4
3462,4
3463,4
3464,4
3465,1
3466,0
3467,4
3468,2
3469,0
3470,0
3471,2
3472,0
3473,0
3474,0
3475,0
3476,6
3477,0
3478,0
3479,0
3480,0
3481,0
3482,3
3483,8
3484,8
3485,8
3486,3
3487,0
3488,4
3489,4
3490,4
3491,4
3492,4
3493,8
3494,8
3495,0
3496,0
3497,0
3498,0
3499,4
3500,4
3501,6
3502,4
3503,4
3504,4
3505,0
3506,8
3507,1
3508,1
3509,1
3510,4
3511,4
3512,4
3513,4
3514,4
3515,4
3516,0
3517,0
3518,4
3519,4
3520,4
3521,4
3522,4
3523,4
3524,4
3525,0
3526,7
3527,7
3528,4
3529,4
3530,0
3531,0
3532,0
3533,0
3534,6
3535,4
3536,4
3537,4
3538,4
3539,3
3540,3
3541,4
3542,4
3543,4
3544,0
3545,4
3546,4
3547,4
3548,7
3549,4
3550,3
3551,3
3552,3
3553,3
3554,7
3555,7
3556,7
3557,7
3558,3
3559,7
3560,7
3561,0
3562,0
3563,0
3564,0
3565,0
3566,2
3567,2
3568,7
3569,7
3570,7
3571,2
3572,2
3573,2
3574,2
3575,2
3576,2
3577,2
3578,2
3579,2
3580,2
3581,2
3582,2
3583,2
3584,2
3585,4
3586,4
3587,4
3588,4
3589,4
3590,4
3591,4
3592,4
3593,4
3594,4
3595,7
3596,7
3597,0
3598,8
3599,6
3600,6
3601,6
3602,8
3603,6
3604,6
3605,6
3606,6
3607,6
3608,6
3609,6
3610,8
3611,6
3612,6
3613,6
3614,6
3615,6
3616,6
3617,6
3618,8
3619,6
3620,6
3621,6
3622,6
3623,6
3624,6
3625,2
3626,2
3627,4
3628,4
3629,4
3630,4
3631,4
3632,4
3633,6
3634,6
3635,7
3636,7
3637,7
3638,7
3639,7
3640,7
3641,4
3642,4
3643,4
3644,7
3645,4
3646,4
3647,7
3648,7
3649,7
3650,7
3651,7
3652,7
3653,7
3654,7
3655,7
3656,7
3657,0
3658,0
3659,7
3660,7
3661,7
3662,2
3663,0
3664,0
3665,5
3666,5
3667,5
3668,5
3669,5
3670,5
3671,5
3672,5
3673,0
3674,6
3675,3
3676,3
3677,3
3678,6
3679,6
3680,6
3681,6
3682,6
3683,6
3684,1
3685,1
3686,1
3687,1
3688,1
3689,1
3690,1
3691,1
3692,1
3693,1
3694,1
3695,8
3696,1
3697,1
3698,1
3699,1
3700,1
3701,8
3702,8
3703,8
3704,8
3705,8
3706,8
3707,8
3708,5
3709,5
3710,5
3711,5
3712,5
3713,5
3714,5
3715,5
3716,5
3717,5
3718,5
3719,5
3720,5
3721,5
3722,1
3723,1
3724,8
3725,8
3726,8
3727,8
3728,8
3729,8
3730,8
3731,8
3732,8
3733,8
3734,8
3735,8
3736,8
3737,8
3738,8
3739,8
3740,8
3741,8
3742,8
3743,8
3744,8
3745,8
3746,8
3747,8
3748,8
3749,8
3750,8
3751,8
3752,8
3753,8
3754,8
3755,8
3756,8
3757,8
3758,8
3759,8
3760,8
3761,8
3762,8
3763,8
3764,8
3765,8
3766,8
3767,8
3768,8
3769,8
3770,8
3771,8
3772,8
3773,8
3774,8
3775,8
3776,8
3777,8
3778,8
3779,8
3780,8
3781,8
3782,8
3783,8
3784,8
3785,8
3786,8
3787,8
3788,8
3789,8
3790,8
3791,8
3792,8
3793,8
3794,4
3795,8
3796,8
3797,8
3798,8
3799,8
3800,8
3801,3
3802,3
3803,3
3804,3
3805,8
3806,8
3807,8
3808,8
3809,6
3810,6
3811,6
3812,8
3813,8
3814,8
3815,8
3816,6
3817,6
3818,6
3819,3
3820,3
3821,8
3822,8
3823,8
3824,8
3825,8
3826,8
3827,8
3828,8
3829,8
3830,8
3831,8
3832,8
3833,8
3834,8
3835,8
3836,8
3837,8
3838,8
3839,8
3840,3
3841,8
3842,3
3843,8
3844,8
3845,8
3846,8
3847,8
3848,8
3849,8
3850,8
3851,8
3852,8
3853,8
3854,8
3855,8
3856,8
3857,8
3858,8
3859,8
3860,8
3861,8
3862,8
3863,8
3864,8
3865,8
3866,3
3867,8
3868,8
3869,8
3870,8
3871,8
3872,8
3873,3
3874,3
3875,3
3876,6
3877,8
3878,1
3879,6
3880,6
3881,8
3882,1
3883,3
3884,6
3885,8
3886,8
3887,8
3888,8
3889,8
3890,8
3891,8
3892,8
3893,7
3894,8
3895,8
3896,8
3897,8
3898,8
3899,0
3900,7
3901,5
3902,6
3903,6
3904,6
3905,8
3906,8
3907,3
3908,8
3909,1
3910,1
3911,1
3912,6
3913,1
3914,8
3915,8
3916,8
3917,1
3918,7
3919,7
3920,8
3921,8
3922,8
3923,8
3924,6
3925,8
3926,8
3927,8
3928,8
3929,8
3930,8
3931,3
3932,3
3933,8
3934,3
3935,8
3936,8
3937,7
3938,8
3939,8
3940,8
3941,6
3942,8
3943,1
3944,1
3945,2
3946,1
3947,1
3948,4
3949,3
3950,1
3951,1
3952,4
3953,3
3954,1
3955,4
3956,4
3957,4
3958,4
3959,4
3960,4
3961,4
3962,4
3963,4
3964,4
3965,8
3966,8
3967,8
3968,8
3969,8
3970,8
3971,8
3972,8
3973,8
3974,8
3975,8
3976,8
3977,8
3978,8
3979,8
3980,8
3981,8
3982,8
3983,8
3984,8
3985,8
3986,8
3987,8
3988,8
3989,8
3990,8
3991,8
3992,8
3993,8
3994,8
3995,8
3996,8
3997,8
3998,8
3999,8
4000,8
4001,8
4002,8
4003,8
4004,8
4005,8
4006,8
4007,8
4008,8
4009,8
4010,8
4011,8
4012,8
4013,2
4014,7
4015,7
4016,6
4017,7
4018,1
4019,1
4020,1
4021,5
4022,1
4023,1
4024,8
4025,8
4026,8
4027,8
4028,8
4029,8
4030,8
4031,8
4032,1
4033,5
4034,8
4035,8
4036,7
4037,8
4038,8
4039,1
4040,7
4041,8
4042,8
4043,8
4044,7
4045,1
4046,8
4047,8
4048,8
4049,8
4050,8
4051,8
4052,8
4053,8
4054,0
4055,6
4056,6
4057,0
4058,0
4059,0
4060,0
4061,1
4062,0
4063,8
4064,8
4065,8
4066,8
4067,8
4068,8
4069,8
4070,8
4071,8
4072,8
4073,8
4074,8
4075,8
4076,8
4077,3
4078,8
4079,8
4080,4
4081,8
4082,4
4083,8
4084,4
4085,8
4086,8
4087,3
4088,3
4089,7
4090,7
4091,3
4092,3
4093,1
4094,3
4095,3
4096,3
4097,7
4098,6
4099,6
4100,0
4101,4
4102,8
4103,8
4104,4
4105,4
4106,4
4107,4
4108,4
4109,4
4110,4
4111,3
4112,3
4113,0
4114,4
4115,7
4116,7
4117,7
4118,7
4119,8
4120,2
4121,8
4122,8
4123,8
4124,8
4125,8
4126,8
4127,8
4128,0
4129,8
4130,8
4131,0
4132,8
4133,0
4134,4
4135,8
4136,8
4137,0
4138,0
4139,0
4140,0
4141,8
4142,8
4143,8
4144,8
4145,6
4146,6
4147,1
4148,2
4149,5
4150,2
4151,1
4152,7
4153,8
4154,7
4155,7
4156,7
4157,1
4158,1
4159,1
4160,1
4161,1
4162,8
4163,1
4164,1
4165,1
4166,2
4167,8
4168,8
4169,3
4170,3
4171,2
4172,6
4173,3
4174,3
4175,1
4176,1
4177,2
4178,2
4179,1
4180,2
4181,1
4182,8
4183,8
4184,1
4185,1
4186,8
4187,8
4188,6
4189,0
4190,8
4191,0
4192,0
4193,8
4194,1
4195,1
4196,1
4197,8
4198,8
4199,2
4200,2
4201,2
4202,2
4203,2
4204,2
4205,2
4206,7
4207,7
4208,2
4209,7
4210,7
4211,7
4212,7
4213,7
4214,7
4215,7
4216,2
4217,2
4218,7
4219,4
4220,7
4221,7
4222,4
4223,4
4224,4
4225,4
4226,4
4227,4
4228,4
4229,4
4230,4
4231,4
4232,4
4233,2
4234,2
4235,2
4236,2
4237,2
4238,2
4239,2
4240,2
4241,2
4242,2
4243,2
4244,2
4245,2
4246,2
4247,4
4248,4
4249,4
4250,4
4251,4
4252,4
4253,4
4254,4
4255,4
4256,4
4257,8
4258,8
4259,8
4260,6
4261,8
4262,8
4263,4
4264,8
4265,8
4266,8
4267,8
4268,8
4269,4
4270,4
4271,4
4272,4
4273,4
4274,4
4275,4
4276,4
4277,2
4278,4
4279,4
4280,4
4281,4
4282,4
4283,2
4284,2
4285,2
4286,2
4287,2
4288,2
4289,2
4290,2
4291,2
4292,2
4293,2
4294,2
4295,2
4296,2
4297,2
4298,0
4299,0
4300,0
4301,0
4302,1
4303,1
4304,1
4305,1
4306,1
4307,1
4308,1
4309,1
4310,1
4311,1
4312,1
4313,1
4314,1
4315,1
4316,1
4317,1
4318,1
4319,8
4320,8
4321,8
4322,8
4323,8
4324,8
4325,0
4326,7
4327,7
4328,6
4329,6
4330,6
4331,6
4332,6
4333,6
4334,6
4335,6
4336,6
4337,6
4338,6
4339,1
4340,1
4341,1
4342,1
4343,1
4344,1
4345,1
4346,1
4347,1
4348,1
4349,1
4350,1
4351,1
4352,6
4353,6
4354,1
4355,5
4356,5
4357,5
4358,5
4359,0
4360,0
4361,0
4362,0
4363,5
4364,5
4365,5
4366,5
4367,5
4368,1
4369,5
4370,7
4371,7
4372,7
4373,7
4374,0
4375,0
4376,7
4377,7
4378,5
4379,0
4380,5
4381,0
4382,5
4383,0
4384,0
4385,0
4386,0
4387,5
4388,5
4389,5
4390,0
4391,0
4392,0
4393,0
4394,0
4395,0
4396,0
4397,0
4398,0
4399,0
4400,0
4401,0
4402,0
4403,0
4404,0
4405,0
4406,0
4407,0
4408,7
4409,7
4410,0
4411,0
4412,0
4413,0
4414,0
4415,0
4416,0
4417,0
4418,0
4419,0
4420,0
4421,5
4422,0
4423,0
4424,0
4425,0
4426,0
4427,0
4428,0
4429,0
4430,0
4431,5
4432,0
4433,0
4434,0
4435,0
4436,0
4437,0
4438,0
4439,0
4440,0
4441,0
4442,0
4443,0
4444,7
4445,5
4446,5
4447,7
4448,7
4449,7
4450,7
4451,7
4452,7
4453,7
4454,5
4455,0
4456,0
4457,0
4458,0
4459,0
4460,5
4461,5
4462,5
4463,5
4464,5
4465,0
4466,5
4467,5
4468,4
4469,4
4470,4
4471,4
4472,4
4473,4
4474,4
4475,4
4476,4
4477,4
4478,4
4479,0
4480,6
4481,6
4482,1
4483,6
4484,1
4485,1
4486,1
4487,1
4488,1
4489,7
4490,1
4491,1
4492,7
4493,1
4494,1
4495,7
4496,7
4497,7
4498,1
4499,6
4500,1
4501,1
4502,1
4503,1
4504,1
4505,7
4506,1
4507,1
4508,6
4509,6
4510,6
4511,6
4512,6
4513,6
4514,6
4515,8
4516,8
4517,8
4518,8
4519,0
4520,4
4521,0
4522,0
4523,0
4524,2
4525,2
4526,2
4527,2
4528,2
4529,2
4530,2
4531,2
4532,2
4533,0
4534,0
4535,0
4536,0
4537,2
4538,2
4539,2
4540,2
4541,2
4542,2
4543,2
4544,2
4545,2
4546,2
4547,7
4548,1
4549,7
4550,7
4551,5
4552,5
4553,5
4554,5
4555,5
4556,7
4557,5
4558,5
4559,5
4560,5
4561,5
4562,5
4563,0
4564,0
4565,5
4566,5
4567,5
4568,5
4569,5
4570,5
4571,5
4572,7
4573,6
4574,6
4575,0
4576,0
4577,6
4578,2
4579,6
4580,2
4581,2
4582,2
4583,2
4584,2
4585,5
4586,2
4587,2
4588,2
4589,8
4590,8
4591,7
4592,2
4593,5
4594,5
4595,5
4596,5
4597,0
4598,2
4599,0
4600,5
4601,5
4602,7
4603,5
4604,7
4605,7
4606,7
4607,7
4608,8
4609,7
4610,5
4611,5
4612,8
4613,7
4614,7
4615,7
4616,8
4617,7
4618,7
4619,7
4620,8
4621,7
4622,7
4623,0
4624,8
4625,7
4626,7
4627,1
4628,1
4629,7
4630,7
4631,7
4632,1
4633,7
4634,7
4635,1
4636,1
4637,7
4638,7
4639,7
4640,7
4641,7
4642,7
4643,1
4644,1
4645,7
4646,7
4647,7
4648,1
4649,7
4650,7
4651,1
4652,2
4653,0
4654,6
4655,6
4656,6
4657,6
4658,0
4659,8
4660,6
4661,0
4662,8
4663,8
4664,8
4665,0
4666,0
4667,8
4668,8
4669,8
4670,8
4671,8
4672,4
4673,8
4674,0
4675,0
4676,0
4677,0
4678,0
4679,0
4680,0
4681,2
4682,2
4683,2
4684,2
4685,1
4686,1
4687,2
4688,7
4689,4
4690,2
4691,2
4692,2
4693,1
4694,1
4695,2
4696,1
4697,2
4698,2
4699,7
4700,7
4701,7
4702,7
4703,7
4704,4
4705,7
4706,0
4707,0
4708,0
4709,1
4710,1
4711,1
4712,7
4713,1
4714,7
4715,2
4716,2
4717,2
4718,2
4719,1
4720,1
4721,1
4722,1
4723,1
4724,1
4725,1
4726,7
4727,7
4728,7
4729,1
4730,1
4731,8
4732,1
4733,1
4734,1
4735,1
4736,1
4737,1
4738,1
4739,1
4740,1
4741,1
4742,1
4743,1
4744,1
4745,2
4746,1
4747,1
4748,7
4749,7
4750,5
4751,5
4752,5
4753,5
4754,5
4755,5
4756,7
4757,7
4758,7
4759,4
4760,4
4761,3
4762,3
4763,6
4764,6
4765,6
4766,6
4767,6
4768,6
4769,0
4770,7
4771,7
4772,7
4773,7
4774,1
4775,1
4776,1
4777,7
4778,7
4779,7
4780,8
4781,6
4782,1
4783,7
4784,4
4785,6
4786,7
4787,7
4788,8
4789,7
4790,4
4791,8
4792,3
4793,6
4794,7
4795,7
4796,6
4797,7
4798,7
4799,7
4800,6
4801,7
4802,7
4803,0
4804,6
4805,4
4806,8
4807,8
4808,4
4809,4
4810,4
4811,4
4812,4
4813,4
4814,4
4815,3
4816,3
4817,0
4818,4
4819,7
4820,7
4821,7
4822,7
4823,8
4824,2
4825,8
4826,8
4827,8
4828,8
4829,8
4830,8
4831,8
4832,0
4833,8
4834,8
4835,0
4836,8
4837,0
4838,4
4839,8
4840,8
4841,0
4842,0
4843,0
4844,0
4845,8
4846,8
4847,8
4848,8
4849,6
4850,6
4851,1
4852,2
4853,5
4854,2
4855,1
4856,7
4857,8
4858,7
4859,7
4860,7
4861,1
4862,1
4863,1
4864,1
4865,1
4866,8
4867,1
4868,1
4869,1
4870,2
4871,8
4872,8
4873,3
4874,3
4875,2
4876,6
4877,3
4878,3
4879,1
4880,1
4881,2
4882,2
4883,1
4884,2
4885,1
4886,8
4887,8
4888,1
4889,1
4890,8
4891,8
4892,6
4893,0
4894,8
4895,0
4896,0
4897,8
4898,1
4899,1
4900,1
4901,8
4902,8
4903,2
4904,2
4905,2
4906,2
4907,2
4908,2
4909,2
4910,7
4911,7
4912,2
4913,7
4914,7
4915,7
4916,7
4917,7
4918,7
4919,7
4920,2
4921,2
4922,7
4923,4
4924,7
4925,7
4926,4
4927,4
4928,4
4929,4
4930,4
4931,4
4932,4
4933,4
4934,4
4935,4
4936,4
4937,2
4938,2
4939,2
4940,2
4941,2
4942,2
4943,2
4944,2
4945,2
4946,2
4947,2
4948,2
4949,2
4950,2
4951,4
4952,4
4953,4
4954,4
4955,4
4956,4
4957,4
4958,4
4959,4
4960,4
4961,8
4962,8
4963,8
4964,6
4965,8
4966,8
4967,4
4968,8
4969,8
4970,8
4971,8
4972,8
4973,4
4974,4
4975,4
4976,4
4977,4
4978,4
4979,4
4980,4
4981,2
4982,4
4983,4
4984,4
4985,4
4986,4
4987,2
4988,2
4989,2
4990,2
4991,2
4992,2
4993,2
4994,2
4995,2
4996,2
4997,2
4998,2
4999,2
5000,2
5001,2
5002,0
5003,0
5004,0
5005,0
5006,1
5007,1
5008,1
5009,1
5010,1
5011,1
5012,1
5013,1
5014,1
5015,1
5016,1
5017,1
5018,1
5019,1
5020,1
5021,1
5022,1
5023,8
5024,8
5025,8
5026,8
5027,8
5028,8
5029,0
5030,7
5031,7
5032,6
5033,6
5034,6
5035,6
5036,6
5037,6
5038,6
5039,6
5040,6
5041,6
5042,6
5043,1
5044,1
5045,1
5046,1
5047,1
5048,1
5049,1
5050,1
5051,1
5052,1
5053,1
5054,1
5055,1
5056,6
5057,6
5058,1
5059,5
5060,5
5061,5
5062,5
5063,0
5064,0
5065,0
5066,0
5067,5
5068,5
5069,5
5070,5
5071,5
5072,1
5073,5
5074,7
5075,7
5076,7
5077,7
5078,0
5079,0
5080,7
5081,7
5082,5
5083,0
5084,5
5085,0
5086,5
5087,0
5088,0
5089,0
5090,0
5091,5
5092,5
5093,5
5094,0
5095,0
5096,0
5097,0
5098,0
5099,0
5100,0
5101,0
5102,0
5103,0
5104,0
5105,0
5106,0
5107,0
5108,0
5109,0
5110,0
5111,0
5112,7
5113,7
5114,0
5115,0
5116,0
5117,0
5118,0
5119,0
5120,0
5121,0
5122,0
5123,0
5124,0
5125,5
5126,0
5127,0
5128,0
5129,0
5130,0
5131,0
5132,0
5133,0
5134,0
5135,5
5136,0
5137,0
5138,0
5139,0
5140,0
5141,0
5142,0
5143,0
5144,0
5145,0
5146,0
5147,0
5148,7
5149,5
5150,5
5151,7
5152,7
5153,7
5154,7
5155,7
5156,7
5157,7
5158,5
5159,0
5160,0
5161,0
5162,0
5163,0
5164,5
5165,5
5166,5
5167,5
5168,5
5169,0
5170,5
5171,5
5172,4
5173,4
5174,4
5175,4
5176,4
5177,4
5178,4
5179,4
5180,4
5181,4
5182,4
5183,0
5184,6
5185,6
5186,1
5187,6
5188,1
5189,1
5190,1
5191,1
5192,1
5193,7
5194,1
5195,1
5196,7
5197,1
5198,1
5199,7
5200,7
5201,7
5202,1
5203,6
5204,1
5205,1
5206,1
5207,1
5208,1
5209,7
5210,1
5211,1
5212,6
5213,6
5214,6
5215,6
5216,6
5217,6
5218,6
5219,8
5220,8
5221,8
5222,8
5223,0
5224,4
5225,0
5226,0
5227,0
5228,2
5229,2
5230,2
5231,2
5232,2
5233,2
5234,2
5235,2
5236,2
5237,0
5238,0
5239,0
5240,0
5241,2
5242,2
5243,2
5244,2
5245,2
5246,2
5247,2
5248,2
5249,2
5250,2
5251,7
5252,1
5253,7
5254,7
5255,5
5256,5
5257,5
5258,5
5259,5
5260,7
5261,5
5262,5
5263,5
5264,5
5265,5
5266,5
5267,0
5268,0
5269,5
5270,5
5271,5
5272,5
5273,5
5274,5
5275,5
5276,7
5277,6
5278,6
5279,0
5280,0
5281,6
5282,2
5283,6
5284,2
5285,2
5286,2
5287,2
5288,2
5289,5
5290,2
5291,2
5292,2
5293,8
5294,8
5295,7
5296,2
5297,5
5298,5
5299,5
5300,5
5301,0
5302,2
5303,0
5304,5
5305,5
5306,7
5307,5
5308,7
5309,7
5310,7
5311,7
5312,8
5313,7
5314,5
5315,5
5316,8
5317,7
5318,7
5319,7
5320,8
5321,7
5322,7
5323,7
5324,8
5325,7
5326,7
5327,0
5328,8
5329,7
5330,7
5331,1
5332,1
5333,7
5334,7
5335,7
5336,1
5337,7
5338,7
5339,1
5340,1
5341,7
5342,7
5343,7
5344,7
5345,7
5346,7
5347,1
5348,1
5349,7
5350,7
5351,7
5352,1
5353,7
5354,7
5355,1
5356,2
5357,0
5358,6
5359,6
5360,6
5361,6
5362,0
5363,8
5364,6
5365,0
5366,8
5367,8
5368,8
5369,0
5370,0
5371,8
5372,8
5373,8
5374,8
5375,8
5376,4
5377,8
5378,0
5379,0
5380,0
5381,0
5382,0
5383,0
5384,0
5385,2
5386,2
5387,2
5388,2
5389,1
5390,1
5391,2
5392,7
5393,4
5394,2
5395,2
5396,2
5397,1
5398,1
5399,2
5400,1
5401,2
5402,2
5403,7
5404,7
5405,7
5406,7
5407,7
5408,4
5409,7
5410,0
5411,0
5412,0
5413,1
5414,1
5415,1
5416,7
5417,1
5418,7
5419,2
5420,2
5421,2
5422,2
5423,1
5424,1
5425,1
5426,1
5427,1
5428,1
5429,1
5430,7
5431,7
5432,7
5433,1
5434,1
5435,8
5436,1
5437,1
5438,1
5439,1
5440,1
5441,1
5442,1
5443,1
5444,1
5445,1
5446,1
5447,1
5448,1
5449,2
5450,1
5451,1
5452,7
5453,7
5454,5
5455,5
5456,5
5457,5
5458,5
5459,5
5460,7
5461,7
5462,7
5463,4
5464,4
5465,3
5466,3
5467,6
5468,6
5469,6
5470,6
5471,6
5472,6
5473,0
5474,7
5475,7
5476,7
5477,7
5478,1
5479,1
5480,1
5481,7
5482,7
5483,7
5484,8
5485,6
5486,1
5487,7
5488,4
5489,6
5490,7
5491,7
5492,8
5493,7
5494,4
5495,8
5496,3
5497,6
5498,7
5499,7
5500,6
5501,7
5502,7
5503,7
5504,6
5505,7
5506,7
5507,0
5508,6
5509,3
5510,8
5511,4
5512,4
5513,4
5514,4
5515,4
5516,4
5517,4
5518,4
5519,4
5520,4
5521,4
5522,4
5523,4
5524,4
5525,4
5526,8
5527,8
5528,8
5529,8
5530,8
5531,8
5532,0
5533,0
5534,8
5535,8
5536,8
5537,8
5538,8
5539,8
5540,8
5541,0
5542,4
5543,0
5544,0
5545,8
5546,8
5547,8
5548,0
5549,6
5550,8
5551,8
5552,6
5553,6
5554,6
5555,1
5556,1
5557,1
5558,8
5559,8
5560,8
5561,1
5562,1
5563,1
5564,1
5565,1
5566,1
5567,1
5568,1
5569,1
5570,5
5571,1
5572,1
5573,1
5574,1
5575,1
5576,1
5577,1
5578,1
5579,1
5580,1
5581,1
5582,6
5583,1
5584,1
5585,1
5586,6
5587,6
5588,6
5589,2
5590,2
5591,2
5592,0
5593,2
5594,2
5595,3
5596,2
5597,8
5598,8
5599,8
5600,8
5601,8
5602,6
5603,6
5604,6
5605,6
5606,8
5607,8
5608,2
5609,2
5610,7
5611,0
5612,0
5613,0
5614,0
5615,7
5616,7
5617,0
5618,7
5619,7
5620,7
5621,7
5622,2
5623,7
5624,2
5625,2
5626,2
5627,2
5628,2
5629,2
5630,2
5631,4
5632,4
5633,4
5634,4
5635,4
5636,2
5637,4
5638,4
5639,4
5640,2
5641,4
5642,4
5643,4
5644,4
5645,4
5646,4
5647,2
5648,2
5649,2
5650,2
5651,2
5652,2
5653,4
5654,4
5655,2
5656,2
5657,2
5658,4
5659,4
5660,4
5661,7
5662,7
5663,7
5664,7
5665,7
5666,4
5667,4
5668,4
5669,4
5670,4
5671,4
5672,4
5673,4
5674,4
5675,8
5676,4
5677,8
5678,8
5679,6
5680,4
5681,4
5682,4
5683,8
5684,8
5685,8
5686,4
5687,4
5688,4
5689,4
5690,6
5691,6
5692,0
5693,7
5694,7
5695,7
5696,7
5697,7
5698,0
5699,0
5700,0
5701,7
5702,7
5703,7
5704,7
5705,7
5706,7
5707,0
5708,0
5709,7
5710,7
5711,0
5712,0
5713,0
5714,0
5715,0
5716,0
5717,0
5718,0
5719,0
5720,0
5721,7
5722,5
5723,5
5724,5
5725,5
5726,5
5727,5
5728,5
5729,5
5730,0
5731,3
5732,3
5733,6
5734,0
5735,6
5736,6
5737,6
5738,6
5739,6
5740,6
5741,6
5742,6
5743,7
5744,7
5745,6
5746,6
5747,1
5748,1
5749,1
5750,1
5751,1
5752,1
5753,1
5754,1
5755,1
5756,1
5757,1
5758,1
5759,3
5760,6
5761,6
5762,6
5763,5
5764,5
5765,0
5766,0
5767,0
5768,1
5769,3
5770,0
5771,0
5772,6
5773,1
5774,1
5775,5
5776,5
5777,5
5778,5
5779,5
5780,5
5781,5
5782,5
5783,5
5784,5
5785,7
5786,7
5787,7
5788,6
5789,0
5790,6
5791,0
5792,0
5793,0
5794,0
5795,8
5796,8
5797,4
5798,4
5799,4
5800,4
5801,4
5802,4
5803,4
5804,4
5805,4
5806,4
5807,8
5808,8
5809,8
5810,4
5811,4
5812,4
5813,4
5814,4
5815,4
5816,4
5817,4
5818,3
5819,3
5820,3
5821,4
5822,8
5823,8
5824,8
5825,8
5826,8
5827,8
5828,8
5829,8
5830,8
5831,8
5832,8
5833,8
5834,8
5835,8
5836,8
5837,8
5838,8
5839,3
5840,3
5841,3
5842,8
5843,3
5844,3
5845,3
5846,3
5847,8
5848,3
5849,8
5850,8
5851,3
5852,0
5853,0
5854,0
5855,0
5856,0
5857,0
5858,0
5859,0
5860,0
5861,0
5862,0
5863,0
5864,0
5865,0
5866,0
5867,0
5868,1
5869,8
5870,8
5871,8
5872,3
5873,7
5874,7
5875,7
5876,7
5877,2
5878,2
5879,7
5880,7
5881,8
5882,8
5883,8
5884,8
5885,8
5886,8
5887,8
5888,8
5889,8
5890,8
5891,4
5892,8
5893,8
5894,8
5895,8
5896,8
5897,8
5898,8
5899,8
5900,8
5901,0
5902,0
5903,0
5904,0
5905,8
5906,8
5907,3
5908,8
5909,8
5910,8
5911,8
5912,8
5913,8
5914,6
5915,8
5916,6
5917,1
5918,8
5919,8
5920,8
5921,8
5922,8
5923,8
5924,8
5925,8
5926,8
5927,8
5928,8
5929,8
5930,8
5931,8
5932,8
5933,8
5934,6
5935,6
5936,8
5937,8
5938,6
5939,6
5940,8
5941,8
5942,8
5943,8
5944,8
5945,8
5946,8
5947,8
5948,8
5949,8
5950,6
5951,6
5952,6
5953,6
5954,6
5955,8
5956,8
5957,8
5958,8
5959,8
5960,3
5961,3
5962,8
5963,3
5964,3
5965,3
5966,6
5967,8
5968,7
5969,7
5970,3
5971,3
5972,1
5973,3
5974,8
5975,7
5976,7
5977,7
5978,7
5979,1
5980,1
5981,8
5982,7
5983,1
5984,1
5985,7
5986,7
5987,7
5988,4
5989,1
5990,1
5991,1
5992,1
5993,1
5994,1
5995,1
5996,1
5997,4
5998,4
5999,7
6000,4
6001,7
6002,4
6003,7
6004,4
6005,7
6006,4
6007,6
6008,8
6009,8
6010,8
6011,8
6012,8
6013,8
6014,8
6015,8
6016,8
6017,8
6018,8
6019,8
6020,8
6021,8
6022,8
6023,8
6024,8
6025,8
6026,8
6027,8
6028,8
6029,8
6030,8
6031,8
6032,8
6033,8
6034,8
6035,8
6036,6
6037,6
6038,6
6039,6
6040,6
6041,6
6042,6
6043,8
6044,8
6045,8
6046,8
6047,4
6048,4
6049,3
6050,0
6051,0
6052,8
6053,7
6054,7
6055,7
6056,7
6057,7
6058,0
6059,8
6060,8
6061,7
6062,7
6063,8
6064,8
6065,1
6066,8
6067,8
6068,8
6069,7
6070,7
6071,8
6072,8
6073,8
6074,8
6075,8
6076,8
6077,8
6078,8
6079,8
6080,8
6081,7
6082,7
6083,7
6084,7
6085,7
6086,8
6087,4
6088,4
6089,1
6090,1
6091,1
6092,1
6093,1
6094,4
6095,1
6096,1
6097,1
6098,1
6099,1
6100,1
6101,1
6102,1
6103,1
6104,1
6105,8
6106,8
6107,8
6108,8
6109,8
6110,8
6111,8
6112,8
6113,8
6114,8
6115,8
6116,8
6117,8
6118,8
6119,8
6120,8
6121,8
6122,8
6123,8
6124,8
6125,8
6126,8
6127,8
6128,8
6129,8
6130,8
6131,8
6132,8
6133,8
6134,8
6135,8
6136,0
6137,0
6138,0
6139,8
6140,8
6141,8
6142,8
6143,8
6144,8
6145,4
6146,4
6147,8
6148,8
6149,7
6150,7
6151,7
6152,7
6153,7
6154,0
6155,1
6156,7
6157,7
6158,7
6159,8
6160,8
6161,7
6162,7
6163,7
6164,7
6165,7
6166,7
6167,7
6168,7
6169,7
6170,7
6171,7
6172,0
6173,0
6174,0
6175,0
6176,0
6177,5
6178,5
6179,2
6180,5
6181,5
6182,0
6183,3
6184,3
6185,3
6186,3
6187,3
6188,3
6189,3
6190,3
6191,0
6192,0
6193,0
6194,0
6195,0
6196,0
6197,0
6198,0
6199,4
6200,5
6201,4
6202,0
6203,5
6204,5
6205,0
6206,0
6207,5
6208,0
6209,5
6210,5
6211,5
6212,2
6213,2
6214,2
6215,2
6216,1
6217,6
6218,1
6219,3
6220,1
6221,1
6222,1
6223,1
6224,1
6225,1
6226,1
6227,1
6228,1
6229,1
6230,1
6231,1
6232,1
6233,1
6234,1
6235,1
6236,1
6237,1
6238,1
6239,1
6240,1
6241,1
6242,1
6243,1
6244,1
6245,0
6246,6
6247,8
6248,8
6249,8
6250,8
6251,4
6252,4
6253,4
6254,4
6255,4
6256,4
6257,4
6258,4
6259,4
6260,4
6261,3
6262,4
6263,7
6264,4
6265,7
6266,8
6267,8
6268,8
6269,8
6270,8
6271,8
6272,8
6273,8
6274,8
6275,8
6276,0
6277,8
6278,0
6279,4
6280,0
6281,4
6282,8
6283,8
6284,8
6285,0
6286,0
6287,0
6288,0
6289,8
6290,8
6291,8
6292,6
6293,1
6294,1
6295,1
6296,2
6297,2
6298,1
6299,5
6300,7
6301,7
6302,7
6303,7
6304,1
6305,1
6306,1
6307,1
6308,1
6309,1
6310,8
6311,1
6312,1
6313,2
6314,8
6315,8
6316,8
6317,3
6318,1
6319,8
6320,6
6321,3
6322,1
6323,1
6324,1
6325,2
6326,1
6327,2
6328,2
6329,1
6330,8
6331,8
6332,1
6333,8
6334,2
6335,6
6336,0
6337,8
6338,1
6339,6
6340,8
6341,2
6342,6
6343,6
6344,1
6345,1
6346,1
6347,2
6348,2
6349,2
6350,2
6351,2
6352,2
6353,2
6354,7
6355,7
6356,2
6357,2
6358,7
6359,7
6360,7
6361,7
6362,7
6363,7
6364,2
6365,2
6366,7
6367,4
6368,7
6369,7
6370,4
6371,4
6372,4
6373,4
6374,4
6375,4
6376,4
6377,4
6378,4
6379,4
6380,4
6381,2
6382,2
6383,2
6384,2
6385,2
6386,2
6387,2
6388,2
6389,2
6390,2
6391,2
6392,2
6393,2
6394,2
6395,2
6396,2
6397,2
6398,2
6399,2
6400,2
6401,2
6402,4
6403,2
6404,4
6405,4
6406,4
6407,4
6408,4
6409,4
6410,4
6411,4
6412,8
6413,8
6414,8
6415,8
6416,8
6417,8
6418,8
6419,8
6420,8
6421,8
6422,8
6423,8
6424,4
6425,4
6426,4
6427,4
6428,4
6429,4
6430,4
6431,2
6432,2
6433,2
6434,2
6435,2
6436,2
6437,2
6438,2
6439,2
6440,2
6441,2
6442,4
6443,0
6444,0
6445,0
6446,3
6447,3
6448,8
6449,8
6450,0
6451,6
6452,3
6453,4
6454,3
6455,4
6456,5
6457,5
6458,5
6459,5
6460,5
6461,5
6462,5
6463,5
6464,5
6465,5
6466,5
6467,5
6468,5
6469,5
6470,5
6471,5
6472,6
6473,2
6474,2
6475,2
6476,1
6477,5
6478,5
6479,1
6480,5
6481,5
6482,1
6483,5
6484,4
6485,4
6486,4
6487,4
6488,4
6489,4
6490,4
6491,4
6492,4
6493,4
6494,2
6495,4
6496,2
6497,2
6498,2
6499,2
6500,2
6501,2
6502,2
6503,2
6504,2
6505,2
6506,2
6507,2
6508,2
6509,2
6510,2
6511,2
6512,2
6513,2
6514,2
6515,2
6516,2
6517,2
6518,2
6519,2
6520,2
6521,2
6522,2
6523,2
6524,4
6525,4
6526,4
6527,4
6528,2
6529,4
6530,6
6531,0
6532,0
6533,2
6534,2
6535,2
6536,2
6537,4
6538,2
6539,4
6540,2
6541,4
6542,1
6543,2
6544,8
6545,4
6546,8
6547,8
6548,8
6549,8
6550,8
6551,8
6552,4
6553,8
6554,8
6555,2
6556,2
6557,0
6558,2
6559,2
6560,2
6561,2
6562,5
6563,5
6564,7
6565,7
6566,7
6567,7
6568,7
6569,7
6570,0
6571,0
6572,0
6573,5
6574,5
6575,4
6576,1
6577,1
6578,5
6579,4
6580,5
6581,4
6582,4
6583,4
6584,4
6585,4
6586,4
6587,4
6588,4
6589,4
6590,4
6591,4
6592,4
6593,4
6594,4
6595,4
6596,4
6597,4
6598,4
6599,4
6600,0
6601,6
6602,6
6603,3
6604,3
6605,3
6606,3
6607,3
6608,3
6609,3
6610,3
6611,3
6612,3
6613,3
6614,3
6615,3
6616,3
6617,3
6618,3
6619,3
6620,3
6621,3
6622,3
6623,3
6624,3
6625,3
6626,3
6627,3
6628,3
6629,3
6630,6
6631,4
6632,6
6633,6
6634,6
6635,6
6636,1
6637,2
6638,2
6639,2
6640,2
6641,2
6642,2
6643,1
6644,8
6645,2
6646,2
6647,2
6648,1
6649,2
6650,2
6651,2
6652,2
6653,2
6654,4
6655,4
6656,4
6657,4
6658,4
6659,4
6660,4
6661,4
6662,4
6663,4
6664,4
6665,4
6666,4
6667,4
6668,4
6669,4
6670,4
6671,4
6672,6
6673,6
6674,4
6675,4
6676,4
6677,4
6678,4
6679,3
6680,6
6681,3
6682,3
6683,7
6684,4
6685,7
6686,7
6687,7
6688,7
6689,8
6690,2
6691,8
6692,8
6693,8
6694,8
6695,8
6696,8
6697,8
6698,8
6699,8
6700,0
6701,8
6702,0
6703,0
6704,8
6705,8
6706,8
6707,0
6708,0
6709,0
6710,0
6711,8
6712,8
6713,8
6714,8
6715,6
6716,1
6717,1
6718,2
6719,5
6720,2
6721,8
6722,7
6723,8
6724,7
6725,2
6726,1
6727,1
6728,1
6729,1
6730,1
6731,1
6732,8
6733,1
6734,1
6735,1
6736,8
6737,8
6738,3
6739,3
6740,2
6741,6
6742,3
6743,3
6744,3
6745,1
6746,2
6747,1
6748,2
6749,2
6750,1
6751,2
6752,1
6753,8
6754,1
6755,1
6756,8
6757,8
6758,1
6759,0
6760,0
6761,8
6762,6
6763,8
6764,2
6765,1
6766,0
6767,3
6768,6
6769,6
6770,1
6771,8
6772,8
6773,2
6774,2
6775,2
6776,2
6777,2
6778,2
6779,2
6780,2
6781,2
6782,2
6783,7
6784,7
6785,7
6786,2
6787,2
6788,2
6789,2
6790,2
6791,2
6792,2
6793,2
6794,2
6795,2
6796,2
6797,2
6798,2
6799,2
6800,2
6801,4
6802,4
6803,4
6804,4
6805,4
6806,4
6807,7
6808,4
6809,4
6810,7
6811,7
6812,7
6813,2
6814,2
6815,2
6816,2
6817,2
6818,2
6819,2
6820,2
6821,4
6822,4
6823,7
6824,7
6825,4
6826,4
6827,4
6828,7
6829,7
6830,7
6831,7
6832,7
6833,7
6834,7
6835,7
6836,7
6837,7
6838,4
6839,4
6840,4
6841,6
6842,4
6843,4
6844,4
6845,4
6846,4
6847,6
6848,6
6849,8
6850,8
6851,6
6852,4
6853,4
6854,4
6855,7
6856,6
6857,0
6858,7
6859,7
6860,7
6861,6
6862,6
6863,6
6864,4
6865,4
6866,4
6867,4
6868,4
6869,4
6870,5
6871,5
6872,5
6873,4
6874,4
6875,5
6876,2
6877,2
6878,2
6879,2
6880,2
6881,0
6882,2
6883,2
6884,2
6885,2
6886,2
6887,2
6888,2
6889,2
6890,2
6891,2
6892,2
6893,5
6894,5
6895,0
6896,0
6897,3
6898,3
6899,6
6900,0
6901,6
6902,6
6903,6
6904,6
6905,6
6906,6
6907,6
6908,6
6909,1
6910,0
6911,6
6912,6
6913,1
6914,1
6915,1
6916,1
6917,1
6918,1
6919,1
6920,1
6921,1
6922,1
6923,1
6924,6
6925,6
6926,6
6927,6
6928,6
6929,0
6930,7
6931,7
6932,5
6933,5
6934,5
6935,5
6936,5
6937,5
6938,5
6939,5
6940,5
6941,5
6942,5
6943,5
6944,5
6945,5
6946,5
6947,6
6948,6
6949,0
6950,6
6951,0
6952,4
6953,0
6954,4
6955,4
6956,4
6957,4
6958,4
6959,4
6960,4
6961,4
6962,4
6963,0
6964,0
6965,0
6966,4
6967,8
6968,8
6969,8
6970,8
6971,8
6972,8
6973,3
6974,3
6975,8
6976,3
6977,3
6978,8
6979,3
6980,3
6981,8
6982,8
6983,8
6984,8
6985,8
6986,8
6987,8
6988,6
6989,8
6990,8
6991,3
6992,3
6993,3
6994,3
6995,6
6996,6
6997,6
6998,8
6999,8
7000,8
7001,3
7002,8
7003,8
7004,8
7005,8
7006,8
7007,8
7008,2
7009,8
7010,8
7011,8
7012,7
7013,4
7014,8
7015,8
7016,8
7017,0
7018,8
7019,8
7020,8
7021,8
7022,8
7023,8
7024,8
7025,8
7026,8
7027,8
7028,0
7029,3
7030,3
7031,8
7032,8
7033,8
7034,8
7035,8
7036,8
7037,8
7038,8
7039,8
7040,0
7041,0
7042,0
7043,0
7044,3
7045,8
7046,8
7047,8
7048,8
7049,8
7050,8
7051,2
7052,2
7053,2
7054,2
7055,2
7056,1
7057,2
7058,1
7059,2
7060,2
7061,2
7062,1
7063,1
7064,1
7065,1
7066,1
7067,1
7068,1
7069,1
7070,4
7071,4
7072,4
7073,4
7074,4
7075,4
7076,4
7077,4
7078,4
7079,4
7080,0
7081,8
7082,8
7083,8
7084,7
7085,7
7086,8
7087,7
7088,1
7089,8
7090,7
7091,8
7092,7
7093,7
7094,7
7095,8
7096,7
7097,7
7098,7
7099,8
7100,7
7101,7
7102,8
7103,7
7104,1
7105,8
7106,7
7107,8
7108,7
7109,7
7110,6
7111,8
7112,6
7113,6
7114,6
7115,6
7116,6
7117,8
7118,8
7119,8
7120,8
7121,8
7122,8
7123,4
7124,4
7125,4
7126,7
7127,7
7128,2
7129,7
7130,7
7131,2
7132,2
7133,2
7134,7
7135,0
7136,0
7137,7
7138,7
7139,0
7140,7
7141,7
7142,2
7143,2
7144,2
7145,2
7146,2
7147,2
7148,7
7149,2
7150,2
7151,2
7152,7
7153,7
7154,5
7155,2
7156,5
7157,5
7158,5
7159,5
7160,5
7161,5
7162,5
7163,1
7164,8
7165,8
7166,8
7167,0
7168,0
7169,0
7170,0
7171,0
7172,0
7173,7
7174,7
7175,0
7176,1
7177,2
7178,2
7179,2
7180,2
7181,2
7182,2
7183,2
7184,1
7185,7
7186,7
7187,7
7188,7
7189,7
7190,2
7191,7
7192,7
7193,2
7194,7
7195,5
7196,5
7197,5
7198,5
7199,5
7200,3
7201,3
7202,3
7203,3
7204,1
7205,3
7206,4
7207,4
7208,4
7209,3
7210,4
7211,3
7212,8
7213,8
7214,1
7215,1
7216,1
7217,1
7218,1
7219,1
7220,1
7221,1
7222,1
7223,1
7224,1
7225,1
7226,1
7227,1
7228,1
7229,4
7230,1
7231,1
7232,1
7233,1
7234,0
7235,4
7236,4
7237,4
7238,4
7239,4
7240,4
7241,4
7242,4
7243,4
7244,4
7245,4
7246,4
7247,4
7248,4
7249,4
7250,4
7251,4
7252,4
7253,4
7254,4
7255,4
7256,4
7257,4
7258,4
7259,4
7260,4
7261,4
7262,4
7263,4
7264,0
7265,7
7266,0
7267,7
7268,8
7269,8
7270,8
7271,0
7272,0
7273,3
7274,0
7275,5
7276,8
7277,8
7278,8
7279,5
7280,4
7281,5
7282,8
7283,4
7284,8
7285,8
7286,8
7287,7
7288,7
7289,0
7290,7
7291,5
7292,7
7293,7
7294,7
7295,7
7296,1
7297,1
7298,1
7299,5
7300,7
7301,3
7302,7
7303,5
7304,5
7305,5
7306,7
7307,7
7308,7
7309,7
7310,7
7311,7
7312,0
7313,5
7314,0
7315,5
7316,3
7317,8
7318,8
7319,8
7320,1
7321,1
7322,1
7323,8
7324,8
7325,8
7326,8
7327,3
7328,3
7329,3
7330,3
7331,3
7332,7
7333,7
7334,3
7335,3
7336,1
7337,1
7338,1
7339,8
7340,8
7341,8
7342,8
7343,8
7344,8
7345,7
7346,8
7347,8
7348,7
7349,8
7350,3
7351,3
7352,4
7353,8
7354,8
7355,7
7356,7
7357,7
7358,7
7359,5
7360,7
7361,7
7362,7
7363,7
7364,7
7365,1
7366,1
7367,5
7368,3
7369,3
7370,5
7371,5
7372,7
7373,7
7374,4
7375,4
7376,7
7377,4
7378,7
7379,3
7380,4
7381,7
7382,7
7383,7
7384,7
7385,7
7386,7
7387,8
7388,2
7389,3
7390,3
7391,4
7392,4
7393,4
7394,4
7395,4
7396,5
7397,3
7398,5
7399,4
7400,4
7401,5
7402,1
7403,1
7404,1
7405,1
7406,1
7407,1
7408,1
7409,1
7410,3
7411,1
7412,8
7413,1
7414,1
7415,1
7416,3
7417,7
7418,7
7419,3
7420,5
7421,3
7422,3
7423,3
7424,3
7425,3
7426,3
7427,3
7428,3
7429,3
7430,3
7431,3
7432,3
7433,5
7434,5
7435,5
7436,3
7437,8
7438,6
7439,8
7440,8
7441,8
7442,6
7443,3
7444,3
7445,3
7446,3
7447,3
7448,8
7449,3
7450,3
7451,3
7452,1
7453,3
7454,3
7455,3
7456,1
7457,2
7458,2
7459,2
7460,5
7461,1
7462,1
7463,1
7464,6
7465,1
7466,1
7467,1
7468,7
7469,3
7470,3
7471,3
7472,3
7473,3
7474,1
7475,7
7476,1
7477,3
7478,1
7479,1
7480,1
7481,1
7482,5
7483,5
7484,7
7485,7
7486,7
7487,7
7488,7
7489,7
7490,7
7491,7
7492,7
7493,7
7494,7
7495,7
7496,2
7497,2
7498,2
7499,2
7500,2
7501,7
7502,7
7503,1
7504,7
7505,7
7506,3
7507,3
7508,5
7509,5
7510,5
7511,1
7512,1
7513,1
7514,1
7515,1
7516,1
7517,1
7518,1
7519,1
7520,1
7521,1
7522,7
7523,7
7524,7
7525,7
7526,1
7527,1
7528,7
7529,6
7530,6
7531,0
7532,4
7533,4
7534,4
7535,4
7536,4
7537,4
7538,4
7539,4
7540,3
7541,4
7542,4
7543,7
7544,4
7545,4
7546,8
7547,7
7548,0
7549,8
7550,8
7551,8
7552,8
7553,8
7554,8
7555,0
7556,0
7557,0
7558,8
7559,4
7560,0
7561,0
7562,8
7563,8
7564,8
7565,0
7566,0
7567,0
7568,0
7569,8
7570,8
7571,8
7572,8
7573,6
7574,6
7575,6
7576,0
7577,1
7578,1
7579,7
7580,7
7581,8
7582,7
7583,7
7584,1
7585,1
7586,1
7587,1
7588,1
7589,1
7590,8
7591,1
7592,1
7593,2
7594,1
7595,2
7596,3
7597,3
7598,6
7599,6
7600,3
7601,3
7602,3
7603,1
7604,1
7605,2
7606,2
7607,2
7608,2
7609,2
7610,1
7611,1
7612,8
7613,8
7614,8
7615,8
7616,8
7617,0
7618,8
7619,8
7620,8
7621,0
7622,0
7623,1
7624,2
7625,1
7626,8
7627,2
7628,1
7629,2
7630,2
7631,2
7632,2
7633,2
7634,2
7635,2
7636,2
7637,2
7638,2
7639,2
7640,2
7641,2
7642,2
7643,2
7644,2
7645,2
7646,2
7647,2
7648,2
7649,2
7650,2
7651,2
7652,2
7653,7
7654,7
7655,2
7656,2
7657,2
7658,2
7659,2
7660,2
7661,2
7662,2
7663,4
7664,4
7665,4
7666,4
7667,4
7668,4
7669,4
7670,7
7671,7
7672,7
7673,7
7674,7
7675,7
7676,7
7677,7
7678,7
7679,7
7680,7
7681,2
7682,7
7683,7
7684,2
7685,2
7686,2
7687,2
7688,2
7689,2
7690,2
7691,2
7692,2
7693,2
7694,4
7695,4
7696,4
7697,4
7698,4
7699,4
7700,4
7701,4
7702,4
7703,4
7704,4
7705,4
7706,4
7707,8
7708,4
7709,4
7710,4
7711,4
7712,8
7713,8
7714,8
7715,4
7716,4
7717,4
7718,4
7719,4
7720,4
7721,4
7722,4
7723,4
7724,4
7725,4
7726,4
7727,6
7728,0
7729,0
7730,2
7731,7
7732,7
7733,7
7734,7
7735,7
7736,2
7737,2
7738,2
7739,2
7740,5
7741,5
7742,7
7743,0
7744,0
7745,5
7746,5
7747,5
7748,2
7749,0
7750,1
7751,1
7752,1
7753,1
7754,1
7755,1
7756,1
7757,1
7758,1
7759,0
7760,0
7761,8
7762,3
7763,3
7764,3
7765,3
7766,3
7767,3
7768,6
7769,6
7770,6
7771,6
7772,2
7773,1
7774,0
7775,0
7776,1
7777,1
7778,3
7779,3
7780,1
7781,1
7782,1
7783,1
7784,1
7785,1
7786,1
7787,1
7788,5
7789,5
7790,0
7791,0
7792,0
7793,5
7794,5
7795,5
7796,5
7797,5
7798,5
7799,5
7800,5
7801,5
7802,5
7803,5
7804,5
7805,5
7806,5
7807,7
7808,4
7809,7
7810,7
7811,0
7812,0
7813,5
7814,5
7815,0
7816,0
7817,0
7818,0
7819,0
7820,5
7821,5
7822,5
7823,5
7824,5
7825,5
7826,5
7827,5
7828,5
7829,5
7830,5
7831,5
7832,5
7833,5
7834,5
7835,5
7836,5
7837,5
7838,5
7839,5
7840,5
7841,5
7842,5
7843,5
7844,5
7845,5
7846,0
7847,0
7848,0
7849,5
7850,5
7851,0
7852,5
7853,5
7854,5
7855,5
7856,5
7857,5
7858,5
7859,5
7860,7
7861,7
7862,7
7863,7
7864,5
7865,5
7866,5
7867,5
7868,5
7869,5
7870,5
7871,5
7872,5
7873,5
7874,1
7875,6
7876,5
7877,5
7878,7
7879,7
7880,6
7881,7
7882,7
7883,7
7884,7
7885,7
7886,7
7887,5
7888,7
7889,5
7890,7
7891,7
7892,7
7893,7
7894,7
7895,7
7896,7
7897,7
7898,5
7899,5
7900,5
7901,5
7902,0
7903,8
7904,7
7905,7
7906,7
7907,8
7908,0
7909,8
7910,0
7911,0
7912,6
7913,6
7914,0
7915,0
7916,1
7917,0
7918,7
7919,7
7920,7
7921,7
7922,7
7923,7
7924,7
7925,7
7926,0
7927,7
7928,0
7929,0
7930,7
7931,7
7932,7
7933,7
7934,7
7935,7
7936,0
7937,0
7938,0
7939,0
7940,0
7941,5
7942,0
7943,0
7944,5
7945,5
7946,5
7947,1
7948,1
7949,7
7950,7
7951,7
7952,7
7953,7
7954,7
7955,7
7956,1
7957,6
7958,8
7959,8
7960,6
7961,1
7962,1
7963,1
7964,1
7965,1
7966,6
7967,1
7968,1
7969,6
7970,1
7971,1
7972,1
7973,6
7974,1
7975,1
7976,8
7977,1
7978,1
7979,1
7980,1
7981,1
7982,6
7983,1
7984,1
7985,6
7986,1
7987,6
7988,6
7989,6
7990,6
7991,6
7992,8
7993,6
7994,8
7995,6
7996,8
7997,8
7998,8
7999,8
8000,8
8001,8
8002,8
8003,8
8004,8
8005,8
8006,8
8007,6
8008,6
8009,6
8010,6
8011,6
8012,6
8013,6
8014,0
8015,0
8016,0
8017,0
8018,0
8019,0
8020,0
8021,6
8022,8
8023,8
8024,8
8025,8
8026,8
8027,8
8028,0
8029,0
8030,0
8031,0
8032,8
8033,8
8034,8
8035,8
8036,8
8037,8
8038,8
8039,8
8040,8
8041,8
8042,8
8043,8
8044,6
8045,6
8046,6
8047,6
8048,6
8049,0
8050,0
8051,0
8052,8
8053,8
8054,8
8055,0
8056,0
8057,0
8058,0
8059,0
8060,0
8061,0
8062,0
8063,7
8064,2
8065,2
8066,7
8067,2
8068,2
8069,5
8070,5
8071,1
8072,1
8073,1
8074,1
8075,1
8076,1
8077,1
8078,7
8079,1
8080,1
8081,1
8082,1
8083,1
8084,2
8085,1
8086,5
8087,5
8088,5
8089,5
8090,5
8091,0
8092,7
8093,7
8094,5
8095,7
8096,8
8097,8
8098,8
8099,0
8100,0
8101,2
8102,7
8103,2
8104,2
8105,6
8106,6
8107,6
8108,8
8109,4
8110,6
8111,6
8112,7
8113,4
8114,3
8115,6
8116,3
8117,3
8118,3
8119,3
8120,3
8121,3
8122,3
8123,4
8124,4
8125,4
8126,4
8127,4
8128,4
8129,4
8130,4
8131,4
8132,4
8133,8
8134,8
8135,8
8136,8
8137,8
8138,8
8139,8
8140,8
8141,8
8142,8
8143,8
8144,8
8145,8
8146,8
8147,8
8148,8
8149,8
8150,8
8151,8
8152,8
8153,8
8154,8
8155,8
8156,8
8157,8
8158,8
8159,8
8160,8
8161,8
8162,8
8163,8
8164,8
8165,6
8166,6
8167,8
8168,8
8169,8
8170,8
8171,8
8172,8
8173,8
8174,0
8175,0
8176,0
8177,8
8178,8
8179,8
8180,8
8181,7
8182,1
8183,7
8184,8
8185,8
8186,8
8187,8
8188,8
8189,8
8190,8
8191,8
8192,8
8193,8
8194,8
8195,8
8196,8
8197,8
8198,8
8199,2
8200,2
8201,7
8202,8
8203,2
8204,7
8205,7
8206,7
8207,2
8208,7
8209,8
8210,7
8211,7
8212,8
8213,7
8214,7
8215,7
8216,7
8217,8
8218,8
8219,8
8220,8
8221,6
8222,0
8223,1
8224,6
8225,0
8226,0
8227,0
8228,0
8229,7
8230,1
8231,1
8232,1
8233,0
8234,0
8235,2
8236,2
8237,2
8238,2
8239,2
8240,1
8241,2
8242,1
8243,1
8244,1
8245,1
8246,0
8247,1
8248,0
8249,1
8250,0
8251,6
8252,6
8253,6
8254,4
8255,6
8256,6
8257,1
8258,1
8259,6
8260,6
8261,4
8262,6
8263,6
8264,6
8265,2
8266,2
8267,5
8268,5
8269,5
8270,5
8271,5
8272,5
8273,5
8274,5
8275,1
8276,1
8277,1
8278,1
8279,1
8280,1
8281,1
8282,1
8283,1
8284,1
8285,7
8286,6
8287,6
8288,0
8289,8
8290,4
8291,8
8292,8
8293,4
8294,4
8295,4
8296,4
8297,4
8298,3
8299,6
8300,3
8301,3
8302,7
8303,4
8304,7
8305,7
8306,7
8307,7
8308,8
8309,2
8310,8
8311,8
8312,8
8313,8
8314,8
8315,8
8316,8
8317,8
8318,8
8319,0
8320,8
8321,0
8322,0
8323,8
8324,8
8325,8
8326,0
8327,0
8328,0
8329,0
8330,8
8331,8
8332,8
8333,8
8334,6
8335,1
8336,1
8337,2
8338,5
8339,2
8340,8
8341,7
8342,8
8343,7
8344,2
8345,1
8346,1
8347,1
8348,1
8349,1
8350,1
8351,8
8352,1
8353,1
8354,1
8355,8
8356,8
8357,3
8358,3
8359,2
8360,6
8361,3
8362,3
8363,3
8364,1
8365,2
8366,1
8367,2
8368,2
8369,1
8370,2
8371,1
8372,8
8373,1
8374,1
8375,8
8376,8
8377,1
8378,0
8379,0
8380,8
8381,6
8382,8
8383,2
8384,1
8385,0
8386,3
8387,6
8388,6
8389,1
8390,8
8391,8
8392,2
8393,2
8394,2
8395,2
8396,2
8397,2
8398,2
8399,2
8400,2
8401,2
8402,7
8403,7
8404,7
8405,2
8406,2
8407,2
8408,2
8409,2
8410,2
8411,2
8412,2
8413,2
8414,2
8415,2
8416,2
8417,2
8418,2
8419,2
8420,4
8421,4
8422,4
8423,4
8424,4
8425,4
8426,7
8427,4
8428,4
8429,7
8430,7
8431,7
8432,2
8433,2
8434,2
8435,2
8436,2
8437,2
8438,2
8439,2
8440,4
8441,4
8442,7
8443,7
8444,4
8445,4
8446,4
8447,7
8448,7
8449,7
8450,7
8451,7
8452,7
8453,7
8454,7
8455,7
8456,7
8457,4
8458,4
8459,4
8460,6
8461,4
8462,4
8463,4
8464,4
8465,4
8466,6
8467,6
8468,8
8469,8
8470,6
8471,4
8472,4
8473,4
8474,7
8475,6
8476,0
8477,7
8478,7
8479,7
8480,6
8481,6
8482,6
8483,4
8484,4
8485,4
8486,4
8487,4
8488,4
8489,5
8490,5
8491,5
8492,4
8493,4
8494,5
8495,2
8496,2
8497,2
8498,2
8499,2
8500,0
8501,2
8502,2
8503,2
8504,2
8505,2
8506,2
8507,2
8508,2
8509,2
8510,2
8511,2
8512,5
8513,5
8514,0
8515,0
8516,3
8517,3
8518,6
8519,0
8520,6
8521,6
8522,6
8523,6
8524,6
8525,6
8526,6
8527,6
8528,1
8529,0
8530,6
8531,6
8532,1
8533,1
8534,1
8535,1
8536,1
8537,1
8538,1
8539,1
8540,1
8541,1
8542,1
8543,6
8544,6
8545,6
8546,6
8547,6
8548,0
8549,7
8550,7
8551,5
8552,5
8553,5
8554,5
8555,5
8556,5
8557,5
8558,5
8559,5
8560,5
8561,5
8562,5
8563,5
8564,5
8565,5
8566,6
8567,6
8568,0
8569,6
8570,0
8571,4
8572,0
8573,4
8574,4
8575,4
8576,4
8577,4
8578,4
8579,4
8580,4
8581,4
8582,0
8583,0
8584,0
8585,4
8586,8
8587,8
8588,8
8589,8
8590,8
8591,8
8592,3
8593,3
8594,8
8595,3
8596,3
8597,8
8598,3
8599,3
8600,8
8601,8
8602,8
8603,8
8604,8
8605,8
8606,8
8607,6
8608,8
8609,8
8610,3
8611,3
8612,3
8613,3
8614,6
8615,6
8616,6
8617,8
8618,8
8619,8
8620,3
8621,8
8622,8
8623,8
8624,8
8625,8
8626,8
8627,2
8628,8
8629,8
8630,8
8631,7
8632,4
8633,8
8634,8
8635,8
8636,0
8637,8
8638,8
8639,8
8640,8
8641,8
8642,8
8643,8
8644,8
8645,8
8646,8
8647,0
8648,3
8649,3
8650,8
8651,8
8652,8
8653,8
8654,8
8655,8
8656,8
8657,8
8658,8
8659,0
8660,0
8661,0
8662,0
8663,3
8664,8
8665,8
8666,8
8667,8
8668,8
8669,8
8670,2
8671,2
8672,2
8673,2
8674,2
8675,1
8676,2
8677,1
8678,2
8679,2
8680,2
8681,1
8682,1
8683,1
8684,1
8685,1
8686,1
8687,1
8688,1
8689,4
8690,4
8691,4
8692,4
8693,4
8694,4
8695,4
8696,4
8697,4
8698,4
8699,0
8700,8
8701,8
8702,8
8703,7
8704,7
8705,8
8706,7
8707,1
8708,8
8709,7
8710,8
8711,7
8712,7
8713,7
8714,8
8715,7
8716,7
8717,7
8718,8
8719,7
8720,7
8721,8
8722,7
8723,1
8724,8
8725,7
8726,8
8727,7
8728,7
8729,6
8730,8
8731,6
8732,6
8733,6
8734,6
8735,6
8736,8
8737,8
8738,8
8739,8
8740,8
8741,8
8742,4
8743,4
8744,4
8745,7
8746,7
8747,2
8748,7
8749,7
8750,2
8751,2
8752,2
8753,7
8754,0
8755,0
8756,7
8757,7
8758,0
8759,7
8760,7
8761,2
8762,2
8763,2
8764,2
8765,2
8766,2
8767,7
8768,2
8769,2
8770,2
8771,7
8772,7
8773,5
8774,2
8775,5
8776,5
8777,5
8778,5
8779,5
8780,5
8781,5
8782,1
8783,8
8784,8
8785,8
8786,0
8787,0
8788,0
8789,0
8790,0
8791,0
8792,7
8793,7
8794,0
8795,1
8796,2
8797,2
8798,2
8799,2
8800,2
8801,2
8802,2
8803,1
8804,7
8805,7
8806,7
8807,7
8808,7
8809,2
8810,7
8811,7
8812,2
8813,7
8814,5
8815,5
8816,5
8817,5
8818,5
8819,3
8820,3
8821,3
8822,3
8823,1
8824,3
8825,4
8826,4
8827,4
8828,3
8829,4
8830,3
8831,8
8832,8
8833,1
8834,1
8835,1
8836,1
8837,1
8838,1
8839,1
8840,1
8841,1
8842,1
8843,1
8844,1
8845,1
8846,1
8847,1
8848,4
8849,1
8850,1
8851,1
8852,1
8853,0
8854,4
8855,4
8856,4
8857,4
8858,4
8859,4
8860,4
8861,4
8862,4
8863,4
8864,4
8865,4
8866,4
8867,4
8868,4
8869,4
8870,4
8871,4
8872,4
8873,4
8874,4
8875,4
8876,4
8877,4
8878,4
8879,4
8880,4
8881,4
8882,4
8883,0
8884,7
8885,0
8886,7
8887,8
8888,8
8889,8
8890,0
8891,0
8892,3
8893,0
8894,5
8895,8
8896,8
8897,8
8898,5
8899,4
8900,5
8901,8
8902,4
8903,8
8904,8
8905,8
8906,7
8907,7
8908,0
8909,7
8910,5
8911,7
8912,7
8913,7
8914,7
8915,1
8916,1
8917,1
8918,5
8919,7
8920,3
8921,7
8922,5
8923,5
8924,5
8925,7
8926,7
8927,7
8928,7
8929,7
8930,7
8931,0
8932,5
8933,0
8934,5
8935,3
8936,8
8937,8
8938,8
8939,1
8940,1
8941,1
8942,8
8943,8
8944,8
8945,8
8946,3
8947,3
8948,3
8949,3
8950,3
8951,7
8952,7
8953,3
8954,3
8955,1
8956,1
8957,1
8958,8
8959,8
8960,8
8961,8
8962,8
8963,8
8964,7
8965,8
8966,8
8967,7
8968,8
8969,3
8970,3
8971,4
8972,8
8973,8
8974,7
8975,7
8976,7
8977,7
8978,5
8979,7
8980,7
8981,7
8982,7
8983,7
8984,1
8985,1
8986,5
8987,3
8988,3
8989,5
8990,5
8991,7
8992,7
8993,4
8994,4
8995,7
8996,4
8997,7
8998,3
8999,4
9000,7
9001,7
9002,7
9003,7
9004,7
9005,7
9006,8
9007,2
9008,3
9009,3
9010,4
9011,4
9012,4
9013,4
9014,4
9015,5
9016,3
9017,5
9018,4
9019,4
9020,5
9021,1
9022,1
9023,1
9024,1
9025,1
9026,1
9027,1
9028,1
9029,3
9030,1
9031,8
9032,1
9033,1
9034,1
9035,3
9036,7
9037,7
9038,3
9039,5
9040,3
9041,3
9042,3
9043,3
9044,3
9045,3
9046,3
9047,3
9048,3
9049,3
9050,3
9051,3
9052,5
9053,5
9054,5
9055,3
9056,8
9057,6
9058,8
9059,8
9060,8
9061,6
9062,3
9063,3
9064,3
9065,3
9066,3
9067,8
9068,3
9069,3
9070,3
9071,1
9072,3
9073,3
9074,3
9075,1
9076,2
9077,2
9078,2
9079,5
9080,1
9081,1
9082,1
9083,6
9084,1
9085,1
9086,1
9087,7
9088,3
9089,3
9090,3
9091,3
9092,3
9093,1
9094,7
9095,1
9096,3
9097,1
9098,1
9099,1
9100,1
9101,5
9102,5
9103,7
9104,7
9105,7
9106,7
9107,7
9108,7
9109,7
9110,7
9111,7
9112,7
9113,7
9114,7
9115,2
9116,2
9117,2
9118,2
9119,2
9120,7
9121,7
9122,1
9123,7
9124,7
9125,3
9126,3
9127,5
9128,5
9129,5
9130,1
9131,1
9132,1
9133,1
9134,1
9135,1
9136,1
9137,1
9138,1
9139,1
9140,1
9141,7
9142,7
9143,7
9144,7
9145,1
9146,1
9147,7
9148,6
9149,6
9150,0
9151,4
9152,4
9153,4
9154,4
9155,4
9156,4
9157,4
9158,6
9159,3
9160,4
9161,7
9162,7
9163,7
9164,7
9165,2
9166,0
9167,8
9168,8
9169,8
9170,8
9171,8
9172,8
9173,0
9174,0
9175,8
9176,8
9177,8
9178,0
9179,0
9180,8
9181,4
9182,0
9183,0
9184,0
9185,0
9186,8
9187,8
9188,8
9189,8
9190,8
9191,6
9192,6
9193,6
9194,2
9195,1
9196,1
9197,1
9198,8
9199,8
9200,8
9201,7
9202,1
9203,1
9204,1
9205,1
9206,1
9207,1
9208,1
9209,1
9210,1
9211,1
9212,2
9213,1
9214,6
9215,3
9216,6
9217,6
9218,6
9219,3
9220,3
9221,1
9222,2
9223,2
9224,2
9225,2
9226,2
9227,2
9228,2
9229,1
9230,1
9231,8
9232,8
9233,8
9234,8
9235,8
9236,0
9237,0
9238,8
9239,8
9240,0
9241,0
9242,1
9243,0
9244,8
9245,2
9246,1
9247,2
9248,2
9249,2
9250,2
9251,2
9252,0
9253,7
9254,7
9255,2
9256,7
9257,2
9258,7
9259,2
9260,2
9261,2
9262,2
9263,2
9264,2
9265,2
9266,2
9267,2
9268,2
9269,2
9270,2
9271,2
9272,2
9273,2
9274,4
9275,4
9276,4
9277,4
9278,4
9279,4
9280,4
9281,4
9282,4
9283,4
9284,7
9285,7
9286,7
9287,7
9288,7
9289,7
9290,7
9291,7
9292,7
9293,2
9294,7
9295,7
9296,2
9297,7
9298,7
9299,7
9300,7
9301,7
9302,7
9303,4
9304,4
9305,4
9306,4
9307,4
9308,4
9309,4
9310,4
9311,4
9312,4
9313,4
9314,4
9315,4
9316,4
9317,4
9318,8
9319,8
9320,8
9321,4
9322,4
9323,4
9324,4
9325,4
9326,4
9327,2
9328,2
9329,2
9330,2
9331,6
9332,6
9333,3
9334,3
9335,0
9336,0
9337,0
9338,0
9339,0
9340,0
9341,0
9342,0
9343,2
9344,0
9345,4
9346,0
9347,7
9348,5
9349,5
9350,2
9351,0
9352,7
9353,2
9354,2
9355,2
9356,2
9357,2
9358,2
9359,1
9360,1
9361,1
9362,1
9363,1
9364,1
9365,1
9366,5
9367,0
9368,0
9369,0
9370,0
9371,0
9372,0
9373,0
9374,1
9375,1
9376,1
9377,0
9378,1
9379,3
9380,6
9381,6
9382,1
9383,2
9384,2
9385,2
9386,7
9387,1
9388,1
9389,1
9390,1
9391,1
9392,1
9393,1
9394,1
9395,1
9396,1
9397,3
9398,6
9399,6
9400,6
9401,6
9402,6
9403,0
9404,5
9405,0
9406,5
9407,5
9408,5
9409,5
9410,5
9411,5
9412,5
9413,5
9414,5
9415,5
9416,5
9417,5
9418,0
9419,0
9420,0
9421,8
9422,6
9423,0
9424,8
9425,8
9426,8
9427,8
9428,8
9429,8
9430,8
9431,0
9432,8
9433,8
9434,3
9435,3
9436,8
9437,8
9438,8
9439,8
9440,3
9441,3
9442,4
9443,3
9444,4
9445,4
9446,3
9447,3
9448,3
9449,3
9450,3
9451,4
9452,3
9453,3
9454,3
9455,4
9456,8
9457,8
9458,4
9459,4
9460,4
9461,4
9462,4
9463,4
9464,4
9465,4
9466,4
9467,8
9468,3
9469,3
9470,3
9471,8
9472,8
9473,8
9474,8
9475,8
9476,3
9477,3
9478,3
9479,3
9480,8
9481,3
9482,3
9483,3
9484,6
9485,3
9486,3
9487,3
9488,3
9489,3
9490,6
9491,3
9492,3
9493,3
9494,0
9495,0
9496,3
9497,0
9498,2
9499,0
9500,3
9501,3
9502,2
9503,2
9504,2
9505,3
9506,3
9507,2
9508,2
9509,2
9510,2
9511,3
9512,2
9513,3
9514,3
9515,8
9516,0
9517,2
9518,0
9519,3
9520,3
9521,0
9522,2
9523,2
9524,0
9525,0
9526,0
9527,0
9528,0
9529,8
9530,0
9531,0
9532,2
9533,2
9534,7
9535,2
9536,2
9537,2
9538,0
9539,0
9540,0
9541,0
9542,2
9543,4
9544,2
9545,7
9546,3
9547,2
9548,2
9549,3
9550,2
9551,2
9552,2
9553,2
9554,3
9555,2
9556,2
9557,3
9558,3
9559,0
9560,3
9561,3
9562,0
9563,0
9564,8
9565,0
9566,3
9567,0
9568,0
9569,3
9570,0
9571,0
9572,0
9573,0
9574,0
9575,0
9576,0
9577,0
9578,0
9579,0
9580,4
9581,0
9582,0
9583,0
9584,6
9585,3
9586,0
9587,0
9588,0
9589,4
9590,4
9591,4
9592,4
9593,8
9594,2
9595,0
9596,4
9597,3
9598,3
9599,3
9600,2
9601,2
9602,4
9603,3
9604,7
9605,4
9606,3
9607,3
9608,3
9609,3
9610,8
9611,7
9612,8
9613,4
9614,4
9615,0
9616,3
9617,8
9618,3
9619,3
9620,3
9621,4
9622,8
9623,6
9624,3
9625,3
9626,3
9627,3
9628,3
9629,3
9630,3
9631,0
9632,0
9633,0
9634,0
9635,0
9636,2
9637,0
9638,7
9639,6
9640,6
9641,0
9642,0
9643,6
9644,6
9645,0
9646,0
9647,0
9648,3
9649,2
9650,6
9651,0
9652,3
9653,7
9654,0
9655,7
9656,0
9657,0
9658,3
9659,7
9660,3
9661,0
9662,0
9663,7
9664,0
9665,0
9666,0
9667,7
9668,8
9669,4
9670,7
9671,4
9672,8
9673,0
9674,2
9675,4
9676,0
9677,7
9678,7
9679,7
9680,0
9681,2
9682,1
9683,7
9684,6
9685,6
9686,6
9687,7
9688,7
9689,4
9690,3
9691,2
9692,2
9693,2
9694,2
9695,2
9696,7
9697,3
9698,6
9699,3
9700,6
9701,3
9702,2
9703,3
9704,6
9705,3
9706,2
9707,2
9708,3
9709,2
9710,3
9711,2
9712,2
9713,3
9714,3
9715,0
9716,2
9717,0
9718,2
9719,2
9720,2
9721,3
9722,6
9723,6
9724,6
9725,6
9726,6
9727,0
9728,6
9729,6
9730,6
9731,6
9732,6
9733,6
9734,8
9735,8
9736,8
9737,7
9738,0
9739,0
9740,0
9741,8
9742,7
9743,7
9744,7
9745,7
9746,7
9747,7
9748,2
9749,2
9750,2
9751,2
9752,2
9753,2
9754,2
9755,2
9756,2
9757,2
9758,2
9759,2
9760,0
9761,0
9762,0
9763,0
9764,0
9765,0
9766,0
9767,0
9768,0
9769,0
9770,0
9771,0
9772,2
9773,7
9774,0
9775,0
9776,0
9777,2
9778,2
9779,2
9780,0
9781,2
9782,0
9783,0
9784,0
9785,0
9786,0
9787,8
9788,0
9789,0
9790,0
9791,0
9792,8
9793,3
9794,0
9795,2
9796,0
9797,0
9798,0
9799,7
9800,2
9801,2
9802,2
9803,0
9804,3
9805,3
9806,3
9807,7
9808,2
9809,2
9810,2
9811,3
9812,3
9813,3
9814,2
9815,3
9816,3
9817,3
9818,3
9819,3
9820,3
9821,3
9822,3
9823,6
9824,0
9825,0
9826,0
9827,0
9828,8
9829,6
9830,3
9831,3
9832,3
9833,3
9834,3
9835,3
9836,3
9837,3
9838,3
9839,3
9840,3
9841,3
9842,3
9843,3
9844,3
9845,3
9846,3
9847,3
9848,6
9849,6
9850,1
9851,1
9852,1
9853,1
9854,1
9855,1
9856,1
9857,1
9858,1
9859,1
9860,1
9861,1
9862,1
9863,1
9864,1
9865,1
9866,1
9867,1
9868,1
9869,1
9870,1
9871,1
9872,1
9873,1
9874,1
9875,1
9876,1
9877,6
9878,6
9879,6
9880,6
9881,6
9882,6
9883,6
9884,8
9885,8
9886,8
9887,0
9888,8
9889,8
9890,8
9891,8
9892,8
9893,8
9894,8
9895,0
9896,0
9897,7
9898,0
9899,0
9900,7
9901,7
9902,2
9903,7
9904,1
9905,2
9906,7
9907,7
9908,7
9909,7
9910,7
9911,1
9912,5
9913,5
9914,1
9915,5
9916,5
9917,5
9918,7
9919,7
9920,7
9921,7
9922,7
9923,7
9924,7
9925,7
9926,7
9927,7
9928,7
9929,7
9930,7
9931,1
9932,7
9933,7
9934,7
9935,7
9936,7
9937,7
9938,7
9939,2
9940,2
9941,2
9942,7
9943,7
9944,7
9945,7
9946,0
9947,7
9948,4
9949,7
9950,7
9951,0
9952,7
9953,3
9954,4
9955,7
9956,7
9957,4
9958,7
9959,7
9960,7
9961,5
9962,5
9963,2
9964,2
9965,2
9966,2
9967,2
9968,7
9969,2
9970,2
9971,7
9972,5
9973,5
9974,5
9975,1
9976,1
9977,1
9978,1
9979,5
9980,5
9981,5
9982,5
9983,5
9984,5
9985,5
9986,5
9987,7
9988,4
9989,5
9990,7
9991,4
9992,4
9993,4
9994,7
9995,1
